35,45,41,38,35,35,36,36,41,45,50,51,48,47,46,51,61,58,54,44,35,33,21,15
9,5,39,44,59,9,26,36,42,41,45,47,46,44,44,53,65,62,52,41,30,28,21,6
32,42,55,2,4,8,15,16,19,22,24,24,24,27,29,32,40,41,37,31,27,21,14,14
11,9,5,2,1,41,3,7,11,14,18,17,13,13,14,15,23,29,29,22,20,22,14,19
18,17,16,17,21,32,38,42,45,45,47,48,48,48,49,48,58,60,52,44,39,36,32,31
29,28,27,28,29,35,42,46,45,43,42,40,39,39,41,44,52,52,46,38,35,33,29,28
27,26,26,27,27,32,42,49,50,49,49,48,47,46,45,47,53,51,43,36,31,25,22,21
19,14,14,15,15,21,28,33,33,33,35,34,34,34,34,36,39,37,34,26,23,19,13,11
10,6,4,3,8,17,24,25,25,24,24,23,22,21,21,21,26,26,23,20,18,17,11,14
9,5,5,1,17,25,5,10,12,14,14,14,9,8,7,10,17,17,15,11,9,9,2,12
58,36,16,14,7,17,47,12,4,7,10,8,3,2,1,4,14,15,14,10,8,6,1,14
50,41,15,56,2,18,25,31,30,30,31,30,30,30,31,31,35,34,34,29,24,19,11,16
13,12,12,12,15,25,38,36,33,29,29,29,30,30,32,35,42,42,38,34,30,29,25,20
18,16,15,15,18,27,37,39,34,32,32,32,31,32,35,38,46,45,40,34,31,30,23,22
21,18,17,16,17,27,33,33,31,29,29,28,27,27,28,28,33,32,30,26,24,21,13,13
12,12,13,13,16,26,37,40,41,41,41,41,42,43,44,47,53,53,50,46,40,37,33,29
27,27,25,25,24,25,29,34,38,39,39,35,33,33,34,36,42,44,39,32,29,29,22,22
19,18,19,19,18,17,18,20,25,28,30,31,31,28,31,27,35,38,36,37,34,34,32,25
23,24,24,24,26,34,48,51,52,50,50,50,50,49,49,51,55,56,51,47,41,38,32,32
31,30,31,29,31,44,53,56,56,55,54,52,51,50,50,51,56,60,55,48,43,39,33,32
29,43,49,15,21,8,51,52,32,59,30,24,21,18,35,23,27,33,55,37,12,55,38,31
30,29,29,30,33,39,50,54,55,55,55,53,52,51,51,51,56,59,52,46,40,39,33,60
7,42,38,44,17,29,31,10,9,49,52,49,39,53,16,51,58,60,15,10,7,21,13,31
30,28,27,26,25,25,27,31,34,37,38,35,34,32,32,35,43,44,36,30,28,29,25,24
22,23,23,22,22,19,20,23,27,29,31,31,30,28,30,30,38,42,40,32,31,33,30,28
27,27,27,26,28,34,43,47,47,44,43,40,41,39,39,40,44,43,39,32,28,28,22,20
20,19,19,19,21,29,36,40,37,37,37,36,36,38,40,43,50,52,49,39,35,34,30,28
27,26,25,25,27,34,40,42,39,36,34,31,29,28,27,26,28,28,25,23,19,17,9,11
11,9,9,11,13,25,31,31,27,28,28,27,27,29,30,35,42,45,42,39,33,31,27,27
26,26,26,25,28,33,42,48,46,45,46,45,44,44,43,44,48,49,46,39,33,31,27,28
28,27,25,25,24,26,29,30,33,33,34,33,31,30,31,32,38,40,35,31,28,29,27,27
25,24,24,24,24,21,22,24,27,27,30,27,26,24,24,25,31,32,30,26,23,23,19,17
16,18,17,18,20,28,38,40,39,38,38,36,36,35,37,36,43,44,39,35,33,32,28,31
29,28,28,29,33,41,55,56,56,56,54,52,52,50,52,53,64,67,60,50,44,41,37,33
31,30,31,31,34,42,59,62,61,58,57,52,52,51,52,55,63,69,60,50,44,42,33,35
32,31,31,32,34,45,56,63,63,59,57,51,51,48,45,45,51,54,46,42,34,32,28,29
29,27,27,27,29,37,48,50,49,46,45,43,40,38,40,44,50,52,49,43,37,36,33,66
65,63,59,59,58,59,65,67,66,67,65,60,55,51,50,50,60,60,54,41,32,32,25,29
24,15,12,16,15,18,22,21,29,36,40,38,32,34,41,40,59,72,71,70,64,64,57,44
42,40,39,44,47,59,80,85,84,85,85,81,80,78,79,80,92,96,89,80,70,66,59,26
26,25,26,26,27,35,46,47,47,48,48,48,47,46,46,49,56,62,57,45,41,38,33,32
31,30,30,31,34,45,60,59,56,54,54,51,49,48,49,50,60,75,60,51,45,43,35,30
31,31,32,32,33,45,59,58,52,48,46,43,43,42,45,48,56,78,63,51,44,43,31,33
32,31,31,32,33,44,56,59,53,47,44,40,37,36,38,43,47,51,47,39,32,31,30,26
26,25,25,25,26,26,29,32,35,35,34,32,31,30,31,33,41,44,40,32,30,30,28,26
23,21,20,19,19,18,19,25,27,28,29,26,24,23,24,25,32,36,35,32,31,31,28,22
21,20,21,21,24,32,41,43,43,41,39,36,36,36,39,40,43,47,43,39,34,33,28,30
30,27,27,28,31,43,55,60,54,49,48,46,44,44,46,49,55,64,60,50,44,41,33,33
32,31,31,31,32,44,55,57,55,50,47,43,41,41,43,45,49,56,50,44,37,31,29,28
28,27,26,26,29,37,45,47,43,40,38,36,35,33,35,42,48,53,48,40,33,31,27,27
26,25,24,25,27,32,36,40,37,34,33,29,30,30,35,38,46,49,44,36,32,31,28,25
23,20,20,21,22,23,24,26,28,27,27,25,24,24,28,31,37,45,43,37,33,33,30,27
26,25,25,27,26,25,26,27,30,30,32,30,26,26,27,29,33,38,34,29,26,26,20,9
6,4,2,4,6,20,28,31,32,31,33,32,34,35,37,38,44,48,46,42,34,33,28,25
24,23,22,23,26,34,36,36,35,32,30,29,28,29,31,37,43,53,49,41,35,34,30,30
29,28,28,29,31,40,49,53,48,46,45,42,43,44,46,48,54,63,60,50,44,40,34,34
32,32,32,33,35,47,54,52,49,46,43,36,35,35,37,41,45,49,45,36,32,31,27,27
27,26,27,27,31,40,47,50,48,48,47,43,43,40,42,44,49,59,55,45,38,35,32,31
30,29,29,29,30,31,32,34,35,33,29,27,26,25,28,30,35,41,35,30,25,24,19,16
13,10,8,4,3,48,19,4,9,12,14,13,11,9,11,14,20,27,28,22,20,24,19,15
15,13,13,14,18,31,36,35,33,32,31,30,29,29,32,32,37,44,43,38,31,29,25,15
13,11,12,15,18,30,34,35,29,24,24,23,27,29,33,34,41,53,54,39,32,31,26,23
20,19,19,20,24,32,37,39,32,28,26,25,26,26,29,31,39,48,46,35,29,27,25,25
25,24,25,26,29,37,46,47,42,39,36,33,33,35,37,41,50,63,62,52,44,40,35,29
28,29,28,28,29,39,48,48,43,39,36,33,32,32,34,36,44,56,58,45,37,34,28,27
27,26,26,25,26,26,27,29,27,25,20,19,18,20,22,26,33,41,38,30,27,26,21,20
18,16,15,16,18,18,17,13,11,11,12,11,11,12,16,21,30,36,39,35,33,34,30,25
25,23,23,23,29,40,49,52,46,40,38,32,31,34,37,39,45,59,62,49,40,38,33,28
28,28,27,27,29,37,46,50,43,38,36,33,34,35,38,39,42,57,61,46,37,34,29,28
27,25,26,27,29,40,45,41,35,31,30,29,29,27,31,36,43,56,64,50,42,37,31,31
31,30,30,30,33,45,53,50,43,39,36,34,34,32,35,38,42,51,59,44,36,33,27,29
28,27,28,29,31,42,48,48,43,39,37,33,33,33,35,35,41,50,55,42,34,34,30,30
29,27,27,27,26,28,31,32,33,33,32,31,29,29,28,29,33,41,41,35,30,31,26,23
21,22,22,22,21,20,21,19,21,20,21,18,13,10,11,13,20,30,32,30,22,22,17,13
12,11,11,13,19,32,37,35,31,29,25,23,23,25,28,31,36,44,47,37,33,31,27,25
25,24,25,26,28,40,47,44,37,33,31,30,30,29,31,35,42,51,58,45,37,34,29,27
27,26,26,26,29,39,45,43,34,31,30,28,28,28,32,36,44,52,59,47,39,36,30,29
29,29,29,30,32,42,52,50,42,37,35,31,32,33,36,39,45,57,64,51,42,38,32,31
30,29,28,29,32,39,48,46,46,52,37,28,27,30,28,32,39,46,54,46,35,35,29,31
29,27,27,28,28,27,29,34,36,36,35,32,30,30,28,27,31,37,37,30,26,25,20,20
18,17,16,17,19,19,21,21,23,23,25,23,23,22,23,24,31,42,46,42,34,35,30,27
27,27,27,26,29,41,48,46,38,33,31,29,29,29,31,37,45,55,63,50,42,38,29,33
32,31,31,31,34,46,55,55,47,42,40,38,39,40,43,44,50,60,77,56,46,41,32,31
30,31,31,31,32,45,53,52,44,38,36,35,36,36,38,41,45,52,67,46,38,32,29,27
27,26,26,28,30,35,46,53,52,48,48,44,45,42,45,45,46,55,65,45,39,32,27,28
28,27,26,27,29,38,45,43,41,37,35,33,32,29,29,31,36,42,51,40,34,33,28,28
26,28,28,27,29,33,35,34,34,31,29,26,24,23,23,24,28,33,34,27,22,22,13,10
9,46,58,50,13,13,16,16,16,20,19,15,10,3,2,5,6,10,18,16,12,5,14,46
27,38,57,7,22,28,30,29,29,28,25,25,27,26,28,29,35,36,33,30,23,14,15,18
14,12,12,18,29,34,31,31,30,29,25,23,19,19,18,18,22,30,31,24,18,8,48,18
59,37,35,8,21,26,25,22,21,20,17,14,13,13,16,24,30,36,35,31,28,16,17,15
14,16,19,25,34,42,47,48,45,39,31,27,23,23,21,26,33,39,40,35,33,25,25,23
23,25,24,26,24,26,28,26,25,25,24,21,19,21,26,30,38,42,48,43,41,33,30,29
27,27,27,29,30,33,36,38,40,37,36,32,29,27,28,30,36,41,40,36,34,27,28,25
25,25,25,27,28,27,24,22,20,17,13,12,7,7,10,18,27,33,39,37,36,32,26,24
19,23,24,26,25,25,24,23,22,21,15,13,11,11,12,16,26,33,35,32,31,24,25,24
19,18,22,26,36,45,41,39,38,36,33,30,30,30,32,36,41,45,45,41,34,28,30,29
30,29,28,30,44,54,53,47,43,41,36,35,35,36,38,42,49,55,58,51,44,34,34,33
33,32,32,33,44,54,57,52,43,39,35,34,34,34,35,40,47,53,58,53,44,36,31,30
30,30,31,31,45,59,61,47,39,33,29,28,28,29,30,36,44,48,50,45,39,28,29,27
26,26,26,27,26,28,28,27,26,24,20,18,15,15,16,20,26,28,31,28,25,22,18,15
14,15,19,20,22,22,22,24,22,22,20,14,10,10,13,18,26,31,36,35,33,28,21,19
18,18,20,25,35,43,44,35,33,29,25,23,22,23,25,29,35,43,49,44,39,32,30,30
29,28,29,31,42,51,54,41,38,32,28,26,25,25,23,28,35,39,41,36,30,25,24,23
23,23,23,27,37,43,42,32,28,26,21,18,16,17,17,23,31,37,41,36,31,26,24,24
24,25,24,28,40,49,51,44,39,36,31,29,29,30,30,34,40,46,48,44,38,30,29,28
28,26,26,30,40,51,53,50,44,42,38,37,34,33,32,33,36,43,45,40,35,28,30,26
25,24,24,25,27,29,30,28,28,24,22,20,16,16,17,23,30,33,35,35,32,28,26,24
21,20,20,19,20,20,17,14,12,11,7,6,1,17,6,11,20,27,34,33,32,25,22,22
20,21,22,29,40,46,46,37,32,31,29,26,25,26,26,32,36,39,44,40,36,30,32,29
28,26,27,32,40,47,41,33,29,26,23,20,19,20,22,25,32,38,43,38,34,29,25,23
24,22,23,28,39,46,47,42,37,34,32,31,30,30,31,36,42,47,48,45,40,32,32,30
26,24,25,28,39,47,51,43,35,32,30,29,29,29,30,36,44,49,49,46,40,35,31,28
28,27,27,30,39,46,47,40,34,30,28,27,26,26,27,33,38,40,43,40,37,30,29,26
24,24,23,24,25,26,30,31,30,29,29,27,25,27,28,30,32,37,38,36,33,28,23,20
19,17,17,18,18,22,24,25,25,25,24,21,18,17,20,24,28,31,31,31,29,24,23,21
18,20,20,25,34,42,49,46,42,39,37,35,33,32,30,30,33,33,31,28,27,21,29,27
26,25,26,29,42,48,52,49,48,45,40,38,35,34,33,36,38,41,44,41,39,31,28,28
26,25,26,28,38,47,44,36,32,31,29,27,26,27,29,33,39,44,44,42,36,28,26,25
25,24,24,27,35,46,51,46,40,36,33,29,28,29,29,33,38,41,42,39,33,29,25,24
22,22,21,20,18,19,23,24,24,25,24,21,20,19,22,23,26,28,31,30,30,27,25,24
22,20,20,22,26,29,30,30,30,29,26,23,21,19,21,23,28,34,36,34,33,28,24,20
18,16,17,16,15,17,20,22,24,24,22,17,14,13,14,18,21,24,24,25,22,16,19,16
16,17,18,20,32,39,38,35,33,34,31,30,29,29,29,34,37,40,40,38,36,30,24,22
19,18,18,21,28,33,34,32,30,29,27,25,25,26,24,26,27,28,30,28,25,19,20,19
19,18,20,23,31,41,41,37,32,31,27,24,21,23,23,24,31,34,36,35,30,22,19,17
13,11,13,18,28,34,31,28,26,25,24,21,22,22,25,31,40,44,43,42,40,32,27,25
23,22,24,27,34,43,41,38,33,31,30,28,27,27,27,31,35,36,38,37,33,29,24,21
18,17,16,16,17,20,21,22,20,19,14,11,7,7,8,11,18,20,22,21,21,16,7,4
3,2,1,60,5,1,5,5,4,15,22,44,46,32,6,8,18,22,30,31,30,25,24,21
20,18,19,23,33,41,40,35,34,34,32,28,28,29,28,32,39,43,42,41,37,30,23,21
19,18,20,24,32,41,42,39,36,34,30,27,26,25,26,28,30,33,31,32,28,23,20,19
17,16,16,20,24,35,37,30,27,26,21,20,18,20,24,28,31,37,37,38,36,29,22,19
18,18,17,17,16,15,17,18,17,18,18,16,15,14,15,20,25,30,32,31,30,26,20,19
17,16,17,21,26,32,35,35,34,35,33,29,29,29,28,31,33,34,36,36,35,30,27,25
23,21,20,21,22,23,24,23,21,20,19,15,14,14,14,16,22,22,23,23,22,20,12,5
4,4,6,7,9,12,9,9,7,3,3,10,26,5,43,9,17,22,27,28,29,26,24,20
19,19,21,22,33,42,43,40,35,35,31,29,27,28,28,31,37,40,40,40,37,28,22,20
18,18,19,23,30,38,42,39,34,34,32,29,26,26,26,27,30,35,34,34,35,29,29,26
23,22,23,26,34,44,48,46,44,44,40,38,35,34,33,34,38,42,41,40,38,32,29,26
24,23,23,26,33,45,48,44,41,40,37,34,31,31,30,33,35,39,38,36,37,31,28,26
25,24,24,27,34,42,46,40,38,38,34,32,30,28,28,30,35,38,37,35,35,29,28,25
23,21,21,22,22,25,28,29,29,28,27,24,23,21,20,22,27,28,29,30,30,26,22,18
16,16,14,14,13,17,15,15,17,18,15,13,9,9,11,16,22,25,28,31,31,28,23,18
18,16,15,16,17,18,18,18,20,23,20,19,17,17,17,20,23,24,30,30,29,25,21,19
19,17,18,23,32,41,40,37,38,37,35,32,29,30,28,27,29,27,31,31,30,24,26,24
22,21,21,25,30,38,41,36,35,35,34,32,31,31,31,32,36,39,38,37,35,29,28,26
24,22,22,23,28,34,34,31,30,28,27,26,26,27,27,29,33,37,37,37,37,32,27,26
25,23,25,27,31,41,43,40,36,34,32,30,29,29,29,30,32,34,32,31,31,28,22,18
15,14,13,13,15,19,20,21,19,18,16,15,13,14,14,18,22,26,26,27,28,25,22,19
18,17,14,14,14,16,15,16,16,17,14,8,8,8,9,13,19,23,23,25,26,22,21,18
18,17,18,22,31,41,39,41,39,39,35,34,35,35,35,35,38,38,39,36,35,31,27,25
23,22,22,23,26,33,35,31,29,26,23,22,20,20,19,22,24,26,26,24,22,14,10,9
9,9,12,16,26,32,33,31,29,28,26,26,25,25,28,31,35,39,38,38,37,32,29,28
25,24,23,25,27,34,31,26,26,27,25,24,23,22,23,28,33,40,41,40,36,31,28,25
23,21,23,23,29,38,37,36,31,30,28,26,25,26,27,33,36,38,37,36,36,29,24,22
21,20,21,21,22,24,27,27,26,25,22,22,20,20,20,24,27,31,34,34,33,29,22,17
16,15,14,14,14,16,16,18,18,21,20,18,16,14,15,17,23,24,25,26,29,23,25,23
22,20,21,24,30,40,44,41,41,42,39,36,34,33,32,35,36,39,34,32,32,26,24,23
21,19,20,22,29,40,45,42,41,41,38,38,35,35,34,35,37,38,36,33,33,28,27,25
23,21,21,23,34,40,43,40,37,37,34,32,31,31,32,35,38,40,39,37,34,30,28,26
24,23,24,25,33,40,42,38,36,35,32,31,31,31,32,38,42,44,42,39,37,31,28,26
25,24,25,26,33,41,44,41,37,36,33,32,31,31,32,36,38,40,39,38,35,30,27,25
23,22,22,21,22,24,27,28,28,27,25,23,21,20,21,23,26,29,29,29,29,25,19,16
14,13,13,11,9,11,13,15,16,17,15,13,13,13,13,16,23,25,25,25,25,20,22,20
18,16,16,19,30,38,41,40,39,40,36,35,32,32,31,33,36,38,37,36,35,29,27,25
25,23,23,25,33,41,45,43,43,42,39,37,36,34,32,36,39,40,40,38,37,31,29,27
27,25,24,26,34,42,43,39,37,37,32,31,30,29,30,33,36,38,38,34,33,28,25,23
22,20,20,23,30,39,44,44,43,44,41,38,35,31,29,31,32,34,34,32,32,26,27,25
23,22,22,25,31,38,41,39,36,36,32,31,30,29,29,32,34,35,34,34,35,29,27,26
23,22,22,22,24,25,28,30,30,29,28,26,23,22,22,24,29,31,33,32,34,29,23,19
19,19,18,16,17,18,19,21,22,24,21,20,19,18,19,22,28,31,33,32,33,29,27,25
24,23,22,25,34,42,44,42,40,40,37,37,36,35,35,37,41,43,41,38,38,32,29,27
26,25,25,26,34,41,45,44,41,41,36,36,33,32,29,30,32,35,36,34,32,26,25,24
22,21,21,23,30,36,38,36,35,35,31,31,30,30,30,32,38,42,42,40,38,33,29,28
27,26,26,27,35,43,44,43,41,40,37,36,35,35,35,38,42,43,44,42,41,35,32,30
29,28,28,30,35,44,45,43,42,40,35,36,33,35,35,37,40,40,39,37,36,31,32,29
27,26,26,25,27,28,32,33,32,32,29,27,24,23,23,25,29,31,32,31,32,28,23,19
18,16,16,14,14,17,19,20,19,20,19,17,16,15,16,24,29,33,36,36,37,32,30,28
25,24,25,27,36,44,45,44,43,41,40,39,35,36,36,39,43,45,45,42,40,35,32,31
29,28,28,30,37,45,45,42,38,37,34,33,32,33,35,40,42,44,44,41,40,34,29,28
28,27,27,29,36,42,43,38,35,34,32,30,30,31,32,37,40,42,39,37,34,29,28,26
25,24,25,27,34,41,42,38,35,33,30,29,29,30,31,38,41,45,45,42,38,31,30,29
28,28,29,32,41,52,55,48,45,43,38,36,35,37,40,46,54,56,50,48,46,39,41,37
34,32,33,33,36,39,41,42,38,36,35,33,33,33,37,42,46,49,48,48,49,42,33,30
29,27,27,27,27,28,29,30,29,31,29,28,28,28,28,31,37,39,42,43,41,37,32,30
30,29,30,33,45,52,53,52,49,46,43,38,37,40,48,55,58,58,59,57,56,48,36,34
33,32,32,34,45,56,58,54,48,46,42,39,40,42,45,53,53,56,52,46,44,37,31,28
28,26,26,29,34,41,41,37,34,30,27,24,22,22,23,27,31,33,33,32,32,25,23,21
21,19,20,22,31,37,37,33,31,29,23,20,17,18,18,25,27,34,36,36,34,28,28,27
27,24,25,27,34,38,38,34,32,32,28,27,26,27,29,39,42,45,48,47,46,40,34,32
29,29,29,28,30,33,34,36,32,30,28,26,27,27,28,34,39,41,40,38,38,34,30,28
27,26,24,21,20,22,24,24,23,26,21,20,18,19,19,24,27,30,31,32,34,30,28,25
24,22,23,26,33,45,50,49,47,46,42,40,39,38,36,40,45,46,44,42,39,32,31,28
27,26,26,29,38,49,50,49,49,50,46,44,41,39,39,41,46,48,47,44,43,34,36,32
31,30,30,32,40,54,57,56,52,51,49,46,43,44,44,49,52,56,57,55,55,43,47,39
37,33,34,38,47,59,58,57,56,57,51,46,45,45,46,50,54,58,56,54,54,43,38,34
31,31,30,33,39,48,48,47,44,42,37,33,29,29,33,40,46,49,47,47,46,37,38,35
33,31,30,30,32,35,37,38,36,37,36,33,31,31,31,34,39,41,42,42,43,38,34,31
29,28,27,26,24,23,25,26,26,28,28,26,23,24,25,28,31,35,38,38,38,35,31,28
27,27,26,31,36,48,50,48,48,50,46,44,42,41,42,44,47,50,50,47,48,40,38,35
33,31,31,31,38,48,49,49,49,49,46,44,42,43,45,48,51,54,51,50,48,43,43,38
35,32,32,36,45,54,59,59,57,56,53,48,47,49,52,55,62,64,57,53,53,45,36,34
33,31,32,34,43,53,56,55,56,56,53,51,50,51,52,53,54,55,53,50,49,43,38,37
35,34,34,37,42,52,52,52,51,52,50,48,47,47,48,49,48,49,47,45,43,37,30,26
24,23,22,22,24,27,27,29,28,26,22,15,12,11,10,12,15,17,18,16,16,11,2,5
1,26,35,5,1,10,14,15,15,15,15,13,14,15,18,27,34,37,36,37,39,33,30,26
25,21,21,23,31,33,36,39,38,36,34,32,30,30,29,31,33,34,32,32,31,27,21,18
16,14,15,18,26,31,35,32,29,28,27,24,20,20,20,27,33,37,35,35,34,30,22,20
19,17,18,21,29,36,38,36,34,34,30,28,26,25,24,27,30,32,29,28,27,20,16,15
13,12,12,17,24,30,31,29,27,27,26,25,26,25,31,33,36,39,39,39,37,31,26,24
22,20,21,25,33,39,41,39,35,34,33,31,30,31,32,36,41,44,43,41,41,36,28,26
24,22,22,21,23,26,29,29,26,25,26,23,22,22,25,29,32,33,34,33,31,27,26,23
22,21,20,19,20,20,20,20,20,21,19,16,14,14,16,21,28,31,33,33,33,28,26,23
21,20,20,24,37,45,45,42,39,38,35,33,31,32,36,41,43,46,47,46,41,33,27,24
21,20,20,25,31,39,42,40,38,37,34,32,31,33,35,39,41,41,38,38,36,29,27,25
25,23,24,27,34,41,40,38,36,38,34,31,30,32,35,39,41,43,44,44,41,34,29,26
25,24,23,26,33,39,41,39,37,36,32,30,29,30,32,38,43,45,44,44,42,33,32,30
27,26,26,29,35,42,45,42,42,37,34,31,30,31,33,38,41,43,41,38,37,32,28,26
26,24,23,24,24,26,27,27,25,24,23,21,19,19,20,25,29,30,31,31,31,28,22,20
18,16,16,16,15,17,19,20,20,21,18,17,16,16,17,20,26,30,31,32,32,27,25,23
21,20,20,24,31,38,40,40,39,38,35,32,32,31,33,38,40,41,41,41,40,31,30,29
28,26,25,27,35,42,45,44,42,41,38,36,34,34,35,40,42,42,40,39,36,31,31,30
29,27,27,30,36,44,45,45,44,45,41,39,37,38,39,44,45,46,44,42,40,32,29,28
27,27,26,28,35,41,41,38,37,36,33,32,31,32,33,38,40,42,38,37,34,26,25,23
21,19,19,23,29,37,37,36,35,34,31,29,29,30,31,39,40,41,41,38,36,31,29,26
24,24,24,25,25,26,29,30,30,30,30,28,27,27,28,30,33,33,34,33,32,28,27,23
21,20,19,19,18,20,23,26,29,30,29,27,25,24,24,25,29,31,31,31,32,27,27,24
22,21,21,26,32,40,45,45,46,49,47,44,42,41,40,43,42,43,42,40,38,32,29,28
27,26,26,29,35,44,46,47,47,47,45,45,43,43,44,45,48,48,48,47,44,36,32,30
29,28,28,31,39,45,46,46,45,45,43,42,40,41,42,44,46,46,46,45,42,35,30,28
27,26,26,29,35,42,44,44,43,43,42,41,40,40,40,42,43,45,45,46,42,34,30,28
26,26,24,27,34,40,40,39,37,35,33,30,30,31,32,37,40,41,40,38,35,29,30,27
27,26,25,25,28,28,29,29,27,26,23,21,20,20,23,28,33,34,33,32,30,26,21,18
16,16,15,15,16,16,14,14,10,10,6,2,2,2,6,14,21,26,28,27,26,22,19,16
14,14,15,20,30,38,37,38,37,36,33,33,32,32,32,34,36,38,37,36,33,28,19,16
15,15,15,18,26,32,32,29,25,24,20,19,18,19,23,29,39,40,41,38,33,27,23,20
18,17,17,21,31,39,41,38,35,32,30,28,28,28,30,35,41,42,42,38,32,25,20,18
17,17,18,23,30,38,38,38,37,35,33,32,33,33,35,40,43,44,43,41,37,32,29,28
27,26,26,29,39,44,46,47,46,45,42,39,37,37,38,42,42,43,43,41,39,34,34,31
30,27,27,28,31,33,34,33,30,28,26,25,24,26,27,33,40,42,42,40,36,32,27,25
24,23,22,22,21,22,21,23,24,24,22,19,19,19,21,26,32,37,40,39,37,33,28,27
26,26,27,29,38,44,47,46,47,45,43,40,38,37,41,44,48,47,43,42,38,33,28,27
25,24,24,27,36,42,45,44,43,42,38,35,35,35,36,38,40,41,39,36,31,26,27,26
24,24,25,28,38,44,42,41,39,38,35,33,32,34,38,43,47,49,49,46,41,35,31,30
29,27,28,31,40,47,49,49,46,47,42,40,39,40,41,45,48,51,50,45,40,33,30,29
28,27,26,29,38,44,45,43,40,37,32,29,29,29,30,34,38,41,40,35,31,26,24,21
19,18,17,18,20,23,26,27,25,21,18,15,12,12,12,19,26,30,30,25,18,13,12,7
4,4,4,4,4,6,6,6,5,8,4,1,1,1,4,11,18,23,32,32,30,23,19,17
16,15,16,21,36,43,48,46,45,45,42,40,39,39,39,41,44,47,44,40,36,31,29,29
27,26,27,30,39,46,48,47,45,43,40,38,36,36,38,42,44,48,47,43,39,31,29,28
27,25,25,29,40,46,47,42,38,35,34,33,33,33,34,39,43,47,45,39,30,26,27,26
26,25,25,28,39,44,45,41,36,32,30,28,28,29,29,35,39,42,42,36,29,25,25,24
24,24,24,27,36,42,43,40,35,31,28,27,27,27,29,34,39,42,43,34,31,27,30,28
27,27,26,27,30,32,34,34,30,27,25,24,23,24,26,30,36,38,36,32,29,25,25,22
23,19,21,21,23,24,28,29,29,29,29,26,25,25,25,28,32,35,34,31,29,23,23,21
19,19,20,23,34,42,43,42,39,39,37,35,35,34,34,36,38,41,39,33,27,21,18,16
14,13,15,20,30,36,37,33,28,27,24,23,23,25,26,30,34,38,40,33,28,24,25,23
23,22,23,25,36,45,49,48,46,43,40,37,36,36,35,36,37,39,36,28,23,18,16,14
12,12,12,18,28,36,37,34,32,31,29,29,28,29,29,31,35,38,37,32,27,23,22,21
19,18,19,24,35,46,47,45,42,41,36,35,34,35,37,42,48,50,50,42,38,32,30,27
25,24,23,24,29,32,36,37,34,32,29,28,26,28,29,32,38,41,39,35,32,29,25,23
22,21,21,21,21,22,24,26,27,28,26,22,20,19,21,25,32,37,38,35,32,27,27,25
25,24,23,26,39,48,50,48,45,46,43,41,40,41,42,45,46,50,48,42,36,30,27,25
24,21,22,25,35,42,44,42,42,42,41,40,38,38,40,42,45,48,46,40,36,30,28,28
26,25,25,28,43,50,54,53,52,50,48,46,44,44,42,45,47,51,48,40,36,29,30,28
27,26,26,28,40,45,47,44,39,35,31,31,30,30,32,38,40,45,43,37,31,26,26,26
25,25,26,28,39,46,48,46,42,38,34,33,33,34,36,43,46,49,46,41,35,30,31,29
27,26,26,26,30,34,37,38,34,31,29,27,25,26,29,34,41,44,44,37,34,30,28,25
24,24,24,25,25,26,24,22,20,21,21,18,16,17,19,26,35,40,40,36,33,30,28,24
22,23,23,30,41,48,48,44,39,34,30,28,29,29,31,40,45,49,47,42,35,29,29,27
26,25,25,28,40,48,49,42,35,30,28,27,27,28,30,38,44,48,44,36,31,26,28,27
26,26,27,29,40,49,53,43,37,33,31,30,30,32,34,41,48,54,47,42,37,31,31,30
29,28,29,31,44,55,56,45,37,32,29,29,29,30,34,43,50,57,52,44,38,32,32,31
29,29,30,32,45,58,59,48,38,33,30,29,29,29,32,42,49,55,47,41,36,29,31,29
27,27,27,28,29,33,33,29,26,23,22,21,20,22,24,32,39,44,43,37,33,29,28,25
24,24,23,24,24,26,27,27,25,25,24,21,21,21,22,28,38,43,41,36,33,29,28,26
26,25,24,28,40,50,54,49,44,41,39,38,37,37,37,40,47,52,45,38,33,28,26,25
23,23,23,25,36,46,49,47,43,42,39,37,35,35,35,38,43,48,39,33,29,25,27,26
24,23,24,26,37,47,50,50,48,48,47,46,45,45,45,46,50,53,49,42,36,31,30,30
29,28,27,31,44,56,61,58,58,57,54,51,50,50,49,51,56,63,55,46,40,33,34,32
31,30,31,34,47,57,61,60,58,55,51,48,46,45,45,48,51,60,49,41,37,32,33,32
31,30,29,31,33,38,41,42,38,35,34,31,30,29,30,35,41,44,38,32,30,25,23,20
20,20,20,19,20,22,21,22,21,21,19,19,19,19,20,25,31,36,36,33,31,27,25,24
24,23,23,28,42,51,53,49,43,38,35,33,33,35,38,45,53,59,49,42,38,33,30,28
28,27,27,30,43,52,54,50,46,43,41,40,40,41,42,47,51,62,52,42,36,32,32,30
29,28,28,33,45,55,61,60,58,54,51,51,49,47,46,49,56,62,49,40,36,31,31,28
27,26,26,30,39,51,58,58,58,58,54,51,47,46,44,45,49,55,44,36,33,29,32,30
29,30,30,33,45,58,65,66,65,65,60,57,53,50,50,52,58,65,51,43,40,35,35,33
31,32,32,32,35,39,44,46,45,44,40,37,36,36,38,43,49,51,45,39,37,32,31,29
27,26,26,27,27,28,31,34,35,35,33,30,30,29,29,34,43,46,43,38,36,31,30,28
27,26,26,31,45,59,61,62,60,57,52,51,48,48,48,52,60,63,53,44,40,34,37,33
32,31,32,36,48,60,63,65,61,60,57,56,55,52,52,53,58,63,53,44,39,34,31,30
29,28,29,32,41,55,62,61,56,53,48,45,44,44,43,48,53,56,42,35,33,29,27,26
25,24,25,27,32,43,48,47,46,44,41,40,39,37,36,39,40,42,35,29,27,23,25,24
23,22,24,27,35,44,46,45,42,39,36,34,33,35,40,49,55,55,46,41,39,34,31,29
28,28,28,29,30,35,39,39,36,34,30,28,28,29,32,37,44,46,38,34,31,26,23,21
20,20,19,20,19,20,21,22,24,25,25,24,23,24,25,29,36,42,41,36,32,31,27,26
25,25,25,26,29,39,51,49,46,43,40,38,38,41,43,47,48,51,54,44,35,31,29,28
27,26,25,27,30,39,49,48,46,44,41,37,37,38,43,45,50,52,47,40,34,31,28,29
29,28,28,28,31,37,45,47,46,44,44,39,41,43,47,49,53,55,52,48,43,39,35,34
32,31,31,32,35,45,57,57,54,52,51,49,48,49,55,59,66,71,64,54,47,42,37,36
34,33,33,34,35,44,53,57,55,53,52,49,47,48,50,50,56,60,51,43,38,35,33,30
29,28,28,26,26,28,31,34,34,32,30,28,28,29,31,34,40,44,42,35,30,29,26,27
26,25,25,25,25,25,27,27,27,28,27,26,24,24,27,32,40,47,47,42,39,37,32,31
29,29,29,30,35,44,55,52,49,43,40,39,40,44,49,54,61,66,59,51,46,41,37,33
31,30,29,31,33,42,52,52,48,44,41,39,40,42,48,53,61,66,60,48,41,38,34,33
31,29,28,29,31,40,48,47,45,42,41,39,39,41,47,50,56,59,51,42,37,34,31,32
30,30,29,31,33,44,50,51,46,42,41,38,38,44,49,55,60,63,55,44,38,36,32,31
29,28,27,28,30,37,45,46,44,42,40,38,38,39,43,45,51,52,44,36,31,31,26,24
22,21,22,21,23,27,32,39,42,42,41,39,38,36,35,36,39,40,36,22,18,13,7,17
23,49,38,26,2,11,16,23,26,27,30,30,29,29,30,36,43,47,46,37,32,27,21,16
13,10,9,12,17,29,38,38,34,31,31,30,30,29,30,33,36,36,35,27,21,19,13,1
2,57,28,51,4,23,31,33,30,30,31,30,31,32,34,36,46,47,41,40,36,32,26,22
21,20,20,21,25,34,44,42,38,37,37,35,35,36,38,44,52,54,47,42,37,36,29,29
26,24,23,23,27,35,41,41,39,38,38,36,37,41,46,51,61,66,57,48,40,38,33,32
31,29,28,28,30,39,47,45,42,38,36,36,34,33,35,34,38,37,31,27,24,19,10,6
2,8,33,5,3,8,13,18,19,19,18,17,15,17,21,27,38,39,34,28,24,25,17,2
1,9,19,19,14,18,1,11,12,17,21,20,16,16,17,19,29,34,32,26,24,25,17,15
13,12,12,15,21,35,43,42,36,34,33,33,32,34,37,39,48,49,44,39,36,35,28,29
27,26,25,24,28,35,40,44,40,39,39,36,36,38,39,40,46,45,38,33,28,25,17,8
4,16,25,45,10,23,29,28,26,26,27,26,26,28,31,38,45,43,38,31,28,25,16,5
5,3,3,6,14,24,30,29,26,26,27,26,26,27,32,32,42,40,34,37,33,30,25,25
23,21,22,23,26,33,39,43,42,43,42,43,41,41,43,47,53,53,48,41,37,35,32,30
30,26,25,26,26,28,32,34,36,37,38,37,36,36,37,39,47,47,42,37,34,32,28,29
26,24,22,22,22,23,24,27,29,31,29,29,26,27,29,31,39,43,42,36,34,32,30,30
28,27,27,29,34,43,55,58,56,53,53,51,50,52,55,58,71,73,61,49,42,39,35,31
29,26,25,24,28,34,45,43,39,37,36,34,34,36,37,40,46,45,39,36,33,30,27,29
27,27,26,27,30,38,50,53,54,54,53,53,53,53,56,60,66,63,50,43,39,37,32,33
32,30,30,30,31,39,56,59,59,56,56,55,55,56,59,63,72,63,56,49,40,39,34,35
33,32,30,31,33,38,53,53,50,47,46,41,40,40,43,45,49,45,37,34,30,29,26,29
27,23,22,22,24,22,27,31,33,32,33,33,33,31,31,34,40,38,32,27,21,21,16,10
6,3,29,40,1,24,6,12,15,17,20,19,18,17,18,20,28,29,22,19,17,13,8,1
20,12,38,23,8,24,31,32,32,33,33,32,33,34,36,37,42,41,35,31,28,26,19,22
19,19,18,19,23,32,41,42,45,47,48,45,45,46,48,49,56,51,45,39,35,31,26,25
22,20,20,21,24,30,40,44,43,41,42,40,42,41,42,44,52,45,39,37,33,32,29,29
29,28,28,28,31,38,50,53,51,48,48,46,48,48,51,53,63,57,50,41,36,33,29,26
24,22,20,20,22,26,33,34,32,32,33,32,34,34,36,41,48,46,40,36,32,30,25,20
19,17,16,16,17,16,19,23,24,23,24,21,19,18,21,26,29,29,26,22,17,17,11,2
45,11,13,9,47,1,7,10,13,13,14,14,12,12,15,19,24,28,27,27,27,27,23,19
19,20,22,24,27,38,50,52,50,47,47,46,45,44,44,48,54,47,43,36,33,30,26,32
30,28,26,26,27,37,44,46,43,39,38,37,37,37,41,45,48,45,40,34,31,30,27,25
24,24,22,24,24,30,40,41,40,39,37,35,36,40,44,46,50,43,39,34,29,28,24,24
25,23,22,23,24,29,38,38,35,34,34,32,32,34,38,41,43,38,36,31,28,27,24,22
21,19,18,18,21,28,35,40,34,32,29,28,29,30,33,37,42,38,30,27,24,23,18,17
15,14,14,13,14,18,21,25,28,27,30,30,30,32,34,39,43,41,39,35,31,32,27,24
20,19,19,18,18,16,19,21,26,28,31,30,29,29,31,35,42,44,43,39,36,36,32,28
27,27,27,26,29,41,53,57,54,51,52,47,48,48,49,52,60,56,50,44,40,38,31,29
28,27,27,28,30,38,51,55,55,53,53,50,51,49,51,52,59,54,50,41,34,32,28,29
28,26,26,26,28,34,41,47,46,44,44,42,42,41,41,42,47,42,37,33,29,29,26,26
25,24,23,24,25,31,43,42,41,39,38,37,36,36,37,39,43,40,36,33,28,28,24,23
22,21,19,20,23,29,37,39,40,38,38,36,35,35,35,38,42,40,37,31,28,28,24,26
25,23,21,21,22,23,26,29,32,30,31,30,28,28,28,32,37,36,33,28,25,24,21,20
18,18,16,16,16,14,17,18,19,20,22,21,21,21,22,25,30,32,29,28,24,25,21,13
13,13,12,13,16,24,30,30,30,28,27,27,26,25,28,29,31,28,28,25,21,18,13,3
2,1,3,8,13,22,28,34,34,31,27,24,23,23,24,26,29,29,27,24,18,17,10,7
4,4,2,1,7,8,17,19,18,18,18,19,19,24,27,38,43,43,40,37,34,32,28,22
19,18,15,15,17,19,22,24,24,22,23,20,18,16,16,18,21,19,16,10,6,7,51,4
1,1,2,3,4,8,11,13,15,18,19,15,13,13,14,19,24,27,26,28,24,23,17,16
15,14,12,10,10,11,13,18,18,17,15,15,13,14,15,18,23,23,23,22,19,16,13,16
14,12,10,8,9,12,14,17,16,18,21,20,18,18,19,23,27,34,33,31,27,24,20,22
20,20,18,17,20,25,33,34,33,32,31,32,31,30,32,35,42,42,39,37,33,32,27,20
18,16,14,15,19,24,30,33,34,33,33,34,33,34,37,41,47,47,43,38,34,33,28,29
27,26,21,21,24,28,35,36,36,35,34,32,31,30,30,32,36,36,31,28,25,23,19,12
10,8,6,7,10,9,15,21,22,24,25,27,27,27,28,32,38,39,37,32,29,29,26,20
18,17,14,13,14,16,18,23,26,27,29,29,28,28,29,32,37,38,36,32,28,27,24,26
25,22,20,16,17,19,25,27,29,29,28,26,24,24,22,25,29,27,27,22,17,16,12,13
11,10,6,6,5,5,10,14,17,20,23,21,21,20,20,23,27,30,29,24,20,21,17,16
14,14,12,13,19,29,36,37,38,36,37,36,34,34,36,38,41,41,37,36,30,27,23,22
21,20,19,19,21,24,34,38,37,37,37,37,36,35,34,38,42,42,39,35,31,30,25,26
26,24,23,23,24,28,36,38,38,38,39,38,37,35,35,38,45,45,42,37,34,33,29,28
26,24,22,22,25,32,42,43,42,41,40,38,36,35,34,32,34,34,31,29,27,25,22,17
14,12,12,12,15,22,29,29,29,28,28,28,28,29,32,39,45,45,43,38,34,34,30,29
27,26,25,25,25,24,27,32,34,36,36,34,32,31,30,30,37,37,32,29,25,26,23,16
14,14,12,10,11,11,13,16,18,21,22,22,21,20,20,21,28,32,29,28,24,26,22,24
22,22,20,20,24,28,40,42,41,40,39,37,34,32,32,34,40,39,36,30,26,26,22,25
23,22,21,21,23,29,41,44,41,40,40,38,36,35,34,36,41,41,36,30,27,25,21,19
18,17,16,16,18,23,33,35,36,35,35,34,34,34,35,39,47,46,39,33,30,28,25,25
24,24,23,22,24,30,39,44,39,35,34,33,34,34,37,40,43,43,38,31,28,27,24,25
24,23,22,23,24,30,38,42,42,42,43,42,41,41,42,42,46,44,41,37,32,31,27,28
26,25,24,24,24,23,26,29,34,33,33,32,29,26,26,30,38,39,36,30,28,28,25,24
23,22,21,21,20,19,21,23,28,30,33,31,29,27,28,30,37,41,39,37,34,34,29,28
27,26,25,26,28,36,51,53,50,47,46,44,44,44,43,44,51,51,46,39,33,30,26,27
27,26,26,26,27,30,44,49,48,48,48,48,48,47,49,50,61,56,50,37,31,30,26,29
28,28,27,27,28,31,48,60,60,59,58,58,56,55,55,58,70,77,63,47,38,35,32,30
30,29,28,28,31,43,64,78,79,72,70,64,63,62,63,74,101,90,78,50,42,37,32,29
28,27,26,26,27,34,50,55,52,49,46,42,41,40,40,41,45,41,37,30,26,25,22,23
24,22,22,22,22,20,22,28,32,33,32,31,29,28,28,31,38,39,34,28,25,25,25,23
22,22,21,20,19,17,20,23,26,27,29,28,26,25,25,28,33,36,34,31,27,28,25,21
20,20,20,20,23,31,42,43,43,42,41,39,38,37,38,39,42,41,40,36,31,28,24,20
19,17,16,18,21,27,34,35,36,35,34,32,30,29,29,30,33,32,28,24,21,19,16,5
2,35,1,4,9,17,24,27,26,25,25,24,23,22,23,24,27,26,25,23,20,18,14,12
11,11,10,12,18,24,30,32,32,31,30,30,29,29,32,35,39,42,39,32,27,26,22,20
18,16,16,16,18,23,29,31,29,26,24,21,19,18,19,22,27,28,26,22,17,15,12,13
7,4,2,1,1,4,9,16,19,20,19,20,19,19,20,23,27,31,28,23,19,19,16,12
7,3,3,4,6,2,4,11,17,20,21,20,18,16,16,20,26,31,30,29,24,24,20,16
13,12,12,13,18,26,36,38,37,34,29,26,25,22,21,22,25,25,23,21,16,12,9,4
24,55,34,52,4,16,22,25,24,23,22,21,21,20,21,23,26,27,26,23,18,14,9,9
7,6,5,7,12,23,30,30,29,26,26,24,23,23,24,28,35,37,33,30,25,23,17,19
17,15,15,16,17,22,32,35,33,31,28,28,29,30,31,33,37,41,39,34,29,28,26,23
22,22,21,21,23,28,38,38,38,35,34,32,29,27,27,26,31,33,28,27,23,22,20,23
20,19,17,16,16,16,19,22,21,20,19,17,16,14,15,17,23,26,24,19,16,16,14,10
6,5,3,2,3,4,7,8,13,15,17,18,14,14,12,14,19,25,23,20,16,16,11,5
3,2,1,2,5,15,22,21,20,20,19,18,18,18,19,20,24,27,25,22,17,15,9,1
47,34,50,47,2,14,24,26,25,25,26,26,27,28,29,31,34,38,33,28,25,24,17,14
13,13,11,12,15,22,31,31,29,28,27,25,25,25,27,29,35,39,36,29,26,23,21,20
19,18,17,17,19,23,31,31,28,25,25,24,23,23,26,28,35,41,37,31,28,26,23,23
23,22,22,22,23,30,39,40,38,35,33,31,29,26,26,30,38,42,38,33,28,27,26,24
22,22,20,20,20,21,22,24,26,26,25,24,22,21,22,21,25,28,25,21,19,20,17,15
13,13,11,11,11,9,12,13,16,17,19,18,17,16,16,18,24,28,27,24,21,22,19,17
16,15,14,15,17,24,33,33,32,30,29,27,26,25,25,26,29,33,30,26,23,22,20,23
22,21,20,20,23,29,41,42,39,37,36,33,33,32,33,34,39,48,42,35,30,28,25,20
20,19,17,18,19,24,35,35,33,29,28,26,26,26,28,30,36,44,42,34,28,26,23,21
20,21,20,21,22,29,37,38,35,29,27,25,25,25,29,31,39,47,41,33,26,24,21,21
21,20,20,20,21,27,38,42,39,34,32,30,28,27,27,27,31,34,27,23,20,19,16,20
16,14,12,10,9,7,8,13,15,16,16,16,15,14,15,15,18,23,21,16,13,12,9,3
16,1,53,58,7,46,35,2,7,9,11,10,7,7,6,8,14,18,17,14,12,11,8,6
5,4,2,4,8,16,26,28,29,25,24,23,22,21,22,23,27,31,28,24,20,17,14,17
16,15,15,16,19,24,31,31,30,29,29,26,25,25,26,25,29,35,32,26,23,21,18,18
17,17,16,17,20,26,31,31,28,26,25,24,23,23,24,27,34,41,38,30,28,25,20,22
21,20,20,20,22,27,37,38,34,30,27,25,24,26,26,29,35,40,38,31,27,24,22,22
21,20,20,20,22,28,37,38,33,31,28,27,25,25,25,27,34,40,38,34,29,27,25,26
24,23,22,22,22,23,26,28,27,25,23,20,19,19,19,22,27,33,32,27,25,25,22,18
16,15,14,14,14,14,15,18,20,20,21,19,16,15,15,16,20,27,27,24,22,22,19,17
15,15,14,14,16,21,26,27,28,27,27,25,25,25,25,25,30,35,33,28,24,22,20,22
22,22,20,20,22,30,38,38,34,32,30,28,27,26,25,24,27,31,26,23,20,19,16,15
14,12,12,14,15,21,25,27,27,27,27,26,25,26,26,27,29,35,33,27,24,22,20,19
18,18,18,18,19,24,31,34,32,31,30,29,28,28,28,29,33,39,38,32,28,26,23,23
22,21,20,20,21,26,31,34,30,27,24,23,22,22,23,23,28,31,30,24,22,21,20,21
19,19,18,18,18,18,21,25,28,27,26,25,24,23,23,23,27,31,32,28,25,25,23,18
17,16,16,15,16,15,15,17,20,20,20,18,17,16,15,16,20,26,28,22,21,20,19,16
14,14,15,15,18,26,33,33,30,29,29,29,28,28,28,29,33,42,42,35,30,28,25,26
25,23,22,23,25,33,39,38,35,31,29,27,27,26,27,29,33,42,41,30,25,24,22,22
20,20,19,19,21,25,32,32,27,24,22,21,20,21,22,24,31,39,37,29,25,24,22,20
19,19,20,20,21,29,35,33,30,27,25,25,25,26,26,28,32,39,38,31,26,25,22,22
21,21,20,22,23,28,35,35,33,30,28,26,26,25,25,25,30,34,34,30,26,24,23,25
23,22,21,21,22,23,24,26,28,26,24,23,22,21,21,22,26,31,33,29,26,26,24,20
19,18,18,18,18,17,17,19,19,20,20,20,18,16,16,16,20,28,30,27,23,23,21,20
19,19,19,19,21,29,37,35,31,27,26,24,22,23,23,24,29,37,40,31,27,26,23,23
22,21,21,21,22,25,34,35,33,31,30,28,26,26,25,25,28,34,36,29,25,23,20,22
20,20,20,20,22,26,32,32,28,25,24,23,22,22,22,24,29,36,38,32,27,26,23,23
22,22,22,22,24,31,36,36,29,25,24,23,22,22,23,26,32,39,42,34,28,25,22,21
20,19,19,20,21,27,33,32,27,25,25,23,23,23,24,24,29,34,38,33,29,27,24,23
21,21,21,21,22,22,24,28,28,27,26,24,22,21,21,22,25,31,32,26,22,21,20,18
16,16,15,15,16,15,16,16,17,16,17,15,14,14,14,15,19,24,27,23,21,21,19,15
14,13,14,16,18,24,30,30,26,25,25,24,23,23,23,25,27,33,36,31,27,24,21,20
20,19,20,20,22,28,34,33,31,28,28,27,26,26,26,27,31,37,39,35,30,27,24,24
22,22,22,22,24,29,34,35,32,30,29,28,26,26,25,25,29,33,38,35,30,28,24,22
22,22,21,22,24,30,36,36,35,32,30,29,28,28,27,28,30,34,37,34,29,25,22,21
21,19,19,19,19,19,21,22,23,24,25,24,23,22,22,22,24,29,32,29,28,27,24,22
22,21,21,20,21,22,23,23,24,23,21,19,18,16,15,16,18,21,23,20,18,16,15,12
10,8,41,10,6,7,10,10,11,10,8,4,4,3,4,11,17,22,20,20,19,15,12,11
11,12,12,12,14,16,16,14,14,11,6,3,2,34,2,10,15,18,19,18,17,13,12,10
10,9,10,16,21,27,27,26,26,23,22,22,21,20,22,25,30,35,29,24,21,17,22,20
20,20,20,21,26,31,34,30,28,27,25,23,22,22,23,26,31,36,39,34,30,26,25,24
23,23,23,25,32,38,41,40,37,35,32,31,30,29,28,29,31,34,32,28,25,23,22,21
21,21,20,22,30,36,38,36,34,33,29,27,24,24,24,26,31,37,34,29,27,24,26,23
21,21,21,21,22,24,22,23,22,20,18,16,15,16,18,21,26,31,31,27,27,23,18,15
15,14,14,16,18,18,17,18,18,18,17,15,13,13,14,20,23,28,29,28,27,24,18,16
15,15,17,18,26,33,36,33,30,29,26,25,24,23,23,25,29,33,35,31,27,25,23,22
22,21,21,22,30,36,35,35,32,30,28,27,26,26,26,27,30,32,32,28,24,21,21,20
19,19,19,20,24,29,32,29,25,22,21,20,20,20,20,22,24,27,26,23,20,16,16,14
13,13,14,17,23,28,28,24,21,21,21,21,21,22,22,24,28,32,34,31,28,24,22,21
21,20,21,22,30,36,38,36,34,32,29,28,27,25,26,28,31,36,37,32,30,28,26,24
23,23,23,23,25,26,27,27,26,24,22,21,20,21,21,23,27,29,29,27,25,23,20,19
18,18,18,19,18,20,20,22,22,22,20,18,16,15,15,17,21,25,27,26,25,22,20,19
19,19,19,20,28,34,34,28,24,23,21,21,21,21,22,25,29,32,33,29,26,23,21,20
19,19,19,21,27,33,35,34,31,30,27,25,24,24,25,28,31,34,34,32,30,26,24,23
22,22,22,24,31,38,40,37,33,32,28,28,27,26,26,27,31,34,34,32,28,25,23,22
22,21,21,22,29,36,38,35,31,29,26,24,23,23,23,25,29,33,34,31,28,24,22,21
20,20,20,21,24,30,34,33,30,29,26,24,21,21,21,22,25,28,29,27,24,22,21,20
18,18,17,17,17,18,19,19,18,17,16,12,11,10,10,13,18,21,23,22,21,19,19,17
15,15,14,13,13,13,16,17,16,16,15,14,13,12,12,13,18,20,25,25,24,22,20,19
17,17,18,20,28,32,32,26,23,22,21,21,21,20,22,24,28,31,33,32,29,27,20,19
18,17,18,20,24,29,30,25,23,22,19,18,17,16,18,19,21,24,25,24,22,20,18,18
18,17,18,20,26,31,33,26,24,22,21,20,21,21,21,24,28,30,33,31,29,25,22,22
20,20,20,22,29,34,34,30,25,24,22,22,22,22,22,26,30,32,32,31,27,24,22,21
20,19,20,22,27,33,35,31,28,28,25,24,23,23,23,26,30,31,31,29,27,24,25,22
21,21,20,22,23,24,26,26,25,25,23,21,21,20,20,20,21,24,26,26,24,22,21,19
18,16,16,16,15,14,15,17,17,16,16,15,12,12,13,16,21,23,27,27,27,24,22,22
20,20,20,23,30,37,37,32,28,26,24,22,22,22,22,24,25,27,29,26,23,20,21,20
20,20,21,22,29,34,35,33,30,29,28,27,25,25,25,27,29,32,32,31,28,24,24,22
22,21,22,23,28,32,34,30,29,27,25,24,24,24,24,27,29,32,33,32,29,26,50,47
46,47,48,52,62,71,71,63,59,57,54,52,53,52,53,57,66,72,76,74,68,62,27,25
24,23,22,23,28,32,31,26,24,22,22,21,21,21,22,26,31,33,34,33,31,27,25,23
23,23,24,25,24,25,27,27,26,25,24,22,22,22,22,24,29,29,29,29,27,24,20,18
17,16,15,15,14,15,16,18,18,18,18,16,14,14,14,20,24,25,26,26,27,24,23,22
22,20,21,23,29,36,37,33,30,28,27,27,26,26,25,28,32,34,34,34,31,26,24,22
22,21,22,24,31,35,36,34,31,30,27,26,25,24,24,26,28,30,30,31,29,25,23,22
22,21,22,24,30,35,36,32,29,27,26,24,24,24,25,27,31,34,34,33,31,28,24,22
22,20,21,21,22,22,20,18,16,15,15,13,13,14,14,18,23,25,25,25,24,21,21,19
18,17,17,20,24,28,26,24,21,20,19,17,17,17,18,20,25,28,29,28,25,22,21,20
19,18,18,20,20,21,21,21,19,17,14,10,8,9,12,18,20,23,25,25,23,20,15,13
12,10,10,11,10,10,11,8,6,4,41,58,8,16,40,7,14,21,23,23,23,20,18,17
17,16,17,19,26,30,30,27,25,24,21,20,19,20,21,24,28,31,32,30,27,23,20,19
18,18,19,21,27,32,35,33,29,26,24,23,23,25,26,27,30,32,32,31,27,23,22,22
21,20,20,22,29,34,39,34,28,24,22,21,20,21,22,25,28,30,29,27,24,19,19,18
17,16,17,20,24,29,33,30,27,25,24,23,22,24,25,26,28,31,32,30,27,23,22,21
20,20,20,23,29,35,41,38,34,31,29,26,24,24,23,24,26,28,28,27,25,22,20,18
15,14,13,14,14,15,16,15,13,12,9,3,59,2,6,10,16,19,20,21,21,19,14,11
7,2,6,5,10,10,39,42,56,58,12,49,41,15,8,39,10,18,20,20,20,18,14,12
9,8,7,8,8,7,8,9,8,8,7,2,2,2,8,13,17,22,25,27,28,24,22,21
19,18,20,22,28,35,39,36,35,31,26,24,23,26,26,25,30,35,36,35,33,27,26,24
24,22,22,24,32,38,41,36,33,31,29,29,29,30,31,32,36,39,38,36,31,27,24,23
22,22,22,25,31,38,44,40,38,36,35,33,33,33,33,33,36,37,35,35,32,27,26,24
23,22,22,24,28,35,38,34,31,29,29,26,25,25,26,28,31,34,33,32,31,28,24,22
20,20,20,20,21,22,23,23,20,19,18,16,15,15,16,19,23,26,26,26,26,22,18,13
12,10,9,8,8,8,9,9,9,8,8,5,3,4,7,13,19,24,25,26,27,24,23,21
20,19,20,22,28,36,40,38,37,36,35,35,33,32,31,32,34,34,34,33,30,26,22,21
21,20,21,22,28,35,37,37,37,37,35,35,33,33,32,32,34,35,35,34,31,27,24,23
23,22,23,24,31,38,41,38,36,35,33,31,30,30,30,32,35,37,37,35,33,28,26,24
22,23,24,23,26,30,30,29,27,25,23,22,21,22,24,25,30,32,34,34,32,27,24,23
22,22,22,24,28,34,38,35,33,32,30,29,27,28,28,30,33,34,32,31,30,26,26,24
23,22,22,22,23,25,27,27,26,24,23,22,21,20,21,22,26,27,27,28,27,23,18,14
12,10,10,11,11,12,13,13,14,15,14,13,11,12,13,16,20,21,22,22,22,21,22,19
18,17,18,21,26,33,34,33,32,31,29,29,27,27,26,28,29,31,31,29,27,24,21,20
19,18,19,21,27,33,35,34,33,32,30,29,29,28,28,31,34,35,33,32,30,27,24,22
20,19,20,22,27,35,39,37,37,37,34,32,31,29,28,30,32,33,31,30,28,25,22,21
20,20,19,22,26,33,37,36,35,35,32,29,28,27,27,29,32,34,33,31,30,27,23,22
21,20,20,23,29,37,40,39,37,36,33,28,27,27,28,29,33,34,32,30,30,27,25,24
23,22,22,21,22,25,27,29,27,25,24,23,21,21,21,23,27,29,28,28,28,26,23,20
20,17,17,15,15,16,19,20,18,18,17,14,12,13,14,19,24,27,28,29,29,26,23,21
20,20,20,23,29,37,39,35,33,32,28,26,25,25,27,30,34,36,35,34,31,28,25,23
23,22,22,24,30,36,39,36,34,33,30,29,28,28,29,34,37,40,37,34,33,29,25,23
22,21,21,23,28,35,39,35,33,32,28,26,25,25,26,29,31,33,32,30,30,26,24,23
21,21,21,23,29,36,43,41,37,36,32,30,27,26,26,29,32,35,34,32,31,26,23,22
20,20,19,21,26,31,33,30,26,25,23,22,21,22,23,26,30,33,32,32,31,27,25,23
22,22,22,22,23,25,28,28,29,28,27,25,24,23,23,25,28,30,29,28,28,26,22,19
18,17,16,16,15,16,18,21,21,22,22,20,17,17,17,20,25,26,26,26,27,25,22,20
19,18,18,20,27,35,40,39,37,37,35,34,33,32,31,33,35,35,33,31,29,27,25,23
22,22,22,23,29,32,40,39,38,37,33,31,30,30,30,32,35,37,36,34,32,29,26,23
23,22,23,24,29,37,40,39,37,36,32,31,29,29,30,32,34,37,35,33,31,28,26,24
23,23,23,25,28,35,38,35,34,33,30,29,28,28,30,33,36,37,35,32,31,26,25,23
23,22,22,23,28,35,38,38,35,33,29,25,24,23,24,26,29,32,31,28,28,25,23,22
21,20,20,20,20,22,24,25,23,23,22,20,19,19,20,23,27,29,28,28,29,25,22,19
18,17,16,15,15,16,17,18,18,18,17,15,15,14,16,18,24,28,30,30,32,27,23,21
20,19,20,22,28,35,38,36,34,33,29,28,27,27,28,31,34,35,34,32,31,27,22,21
21,20,21,23,28,37,44,44,46,46,40,38,34,34,34,34,37,39,38,35,34,29,27,25
24,23,23,24,30,38,42,40,38,37,32,31,29,29,30,33,36,39,38,36,34,30,28,26
24,23,23,25,29,38,40,36,34,31,28,27,26,26,27,32,38,39,37,35,32,27,26,25
24,23,23,25,29,36,39,35,32,30,28,26,26,26,27,32,36,38,38,35,34,30,28,26
25,23,23,23,23,25,30,31,31,30,28,26,24,24,24,28,30,31,29,29,29,26,22,17
14,13,13,12,12,13,14,15,15,15,13,11,10,11,12,16,24,27,29,28,29,25,23,20
18,16,16,19,28,33,34,32,31,30,27,25,25,27,28,29,32,34,34,33,32,28,27,25
24,23,24,25,32,40,41,39,36,35,32,31,30,31,31,34,38,40,38,35,33,29,25,23
21,20,20,21,27,33,35,32,28,26,24,24,23,24,25,27,34,37,38,35,34,29,24,23
22,20,19,22,26,34,39,37,34,33,31,30,29,28,27,30,34,38,37,35,33,29,26,23
21,19,19,20,26,32,34,30,28,26,24,24,23,24,25,28,32,35,35,33,33,28,22,20
18,16,15,15,17,21,23,24,23,21,19,19,17,18,19,22,24,26,26,25,25,23,19,14
13,12,11,11,11,11,10,8,8,7,4,2,46,3,9,13,22,26,31,31,33,29,23,22
21,20,19,22,28,35,35,36,33,32,30,28,27,28,27,31,36,38,38,35,34,29,29,25
25,24,23,25,30,36,40,36,33,31,28,25,24,22,22,24,27,29,28,25,24,20,16,14
12,11,11,15,21,26,26,23,21,19,14,12,10,10,13,18,23,28,29,29,27,24,22,22
21,20,21,23,29,34,35,30,28,27,25,25,25,24,25,28,33,37,36,32,32,29,29,27
25,24,23,25,30,34,38,35,33,33,30,28,27,26,27,28,31,32,30,27,27,24,21,19
16,16,16,16,18,20,22,20,17,16,14,12,12,13,15,21,26,30,31,30,31,27,22,17
15,13,13,12,11,12,12,12,10,9,7,3,2,4,8,17,23,29,31,32,33,29,23,21
19,18,20,22,29,34,36,34,31,30,28,26,25,24,25,28,31,33,34,32,31,27,24,22
21,21,21,23,28,34,36,35,33,33,32,30,30,31,30,32,36,39,37,34,34,31,29,27
26,26,25,27,32,37,41,39,37,36,33,31,31,31,32,32,34,35,33,32,32,28,26,24
23,22,22,23,27,32,33,31,30,29,27,25,24,23,23,25,27,29,28,26,26,23,18,17
16,16,16,17,23,27,30,28,28,27,25,24,22,22,23,25,30,32,32,32,32,28,27,26
24,23,22,22,23,25,26,27,26,24,24,21,20,20,22,26,30,32,32,32,32,28,26,23
21,20,20,18,19,19,21,21,21,19,17,16,15,15,17,22,27,32,33,33,34,31,23,23
22,21,21,23,32,37,40,37,35,34,31,29,28,28,28,32,36,39,37,35,34,29,30,29
27,26,26,29,33,37,42,38,34,33,30,29,30,30,32,35,40,44,43,39,36,32,28,27
25,25,25,26,31,35,37,34,30,30,29,27,25,26,27,30,34,37,34,33,29,25,26,25
25,25,25,26,30,36,40,40,39,39,37,36,35,35,36,37,40,43,38,36,34,31,28,28
27,26,26,28,33,37,39,37,36,34,32,31,30,30,32,34,35,37,34,33,31,28,28,26
25,24,24,24,25,27,29,30,31,30,28,26,26,26,27,30,33,33,32,31,31,28,24,22
22,21,20,20,20,21,22,22,21,22,21,17,16,16,18,22,27,30,30,31,32,29,26,24
24,23,24,25,33,37,40,38,37,36,34,33,32,32,34,36,38,39,38,35,34,30,30,28
27,26,26,28,34,39,41,39,38,36,34,33,33,33,34,36,37,39,37,37,35,31,29,28
27,26,27,28,31,37,40,39,39,39,35,34,33,32,33,34,36,38,36,36,35,30,28,27
26,25,25,27,31,36,38,38,37,37,34,34,33,33,33,34,36,37,37,36,34,30,27,26
25,25,25,25,29,34,35,34,33,32,30,28,26,26,27,29,31,33,32,32,31,28,28,26
25,24,23,23,23,26,28,28,27,26,24,23,22,22,24,27,32,34,33,33,33,30,28,25
25,23,22,22,21,22,23,23,23,24,22,20,19,19,20,23,26,29,29,30,30,28,24,23
21,20,21,22,28,32,34,33,31,30,28,27,26,27,28,31,33,36,35,34,33,28,26,26
25,24,25,26,29,34,37,37,36,37,36,35,34,34,33,33,34,34,35,34,31,28,26,26
24,23,23,24,27,32,35,35,35,34,33,31,30,28,29,31,33,34,31,30,29,26,23,23
21,20,22,23,27,30,32,31,30,29,27,25,24,26,28,31,33,35,36,34,33,31,27,26
24,24,24,26,31,36,38,39,38,37,36,33,32,31,31,32,34,35,33,32,31,29,29,27
26,25,24,25,25,27,27,28,26,25,24,21,19,19,20,23,26,29,30,31,31,28,23,20
18,16,15,15,14,14,14,13,11,10,6,2,54,14,6,16,22,26,28,29,29,26,24,23
22,21,21,22,27,31,33,31,29,27,24,23,22,22,23,26,29,32,32,31,31,27,25,23
23,22,23,23,28,33,37,36,35,35,33,31,29,28,28,30,32,33,31,31,29,26,23,22
21,19,20,22,26,32,33,32,31,30,29,27,25,26,26,28,30,33,33,33,32,28,25,24
22,20,21,23,28,32,33,32,30,29,28,26,25,26,26,29,32,33,33,32,30,26,23,21
21,19,20,22,27,32,35,37,36,36,35,33,30,28,27,29,30,32,31,30,28,25,22,21
19,18,18,18,20,21,21,21,17,14,12,8,8,8,11,17,22,25,27,28,28,26,23,21
18,17,15,15,16,16,17,17,16,16,13,10,10,11,12,19,26,30,32,33,33,29,24,23
21,19,19,22,28,31,32,30,28,28,27,26,24,24,25,30,33,34,34,33,32,28,24,23
22,22,21,24,28,33,37,36,33,33,32,29,29,30,31,34,36,37,36,35,33,29,27,25
25,23,24,25,30,34,36,35,32,31,29,28,28,29,31,34,36,37,36,36,33,29,26,25
23,23,23,25,30,34,35,34,30,30,29,29,28,29,31,35,36,37,36,35,32,30,27,26
24,23,24,27,32,35,37,36,33,31,29,28,28,28,31,34,35,36,34,32,29,26,27,25
23,22,22,22,23,25,28,28,28,28,25,23,22,23,23,26,30,32,31,30,29,26,22,17
16,13,12,12,12,12,13,14,13,12,10,8,7,9,12,18,24,27,29,30,29,24,22,20
19,18,18,20,26,34,35,34,32,31,29,29,27,29,30,32,34,35,35,35,32,29,25,23
23,22,22,24,31,35,37,35,32,30,29,28,28,29,31,35,38,39,37,37,33,30,26,24
23,23,23,26,32,37,38,36,32,30,27,26,26,27,31,35,39,40,38,36,31,25,23,22
21,20,21,23,30,34,35,33,30,28,27,26,25,28,30,34,37,38,38,34,29,25,23,22
21,20,21,23,30,35,35,34,30,29,27,25,24,27,30,34,37,38,38,36,32,28,30,28
27,25,25,25,27,28,29,30,27,25,24,21,20,21,23,28,32,33,34,33,31,27,22,20
18,18,17,15,17,18,19,17,17,16,14,12,11,12,17,21,27,30,31,30,30,24,20,18
17,16,17,19,26,30,34,33,31,29,27,26,25,26,28,32,34,37,38,36,31,27,26,26
24,24,24,26,35,40,40,38,33,32,29,28,28,31,33,37,40,42,42,39,34,29,27,25
24,24,24,26,34,41,42,36,32,30,27,26,26,28,32,37,41,43,42,38,31,26,25,24
24,23,23,25,34,40,43,40,35,33,31,30,29,29,30,35,38,41,42,37,32,27,26,24
24,22,24,26,34,39,42,39,33,31,28,27,26,27,30,35,38,41,41,37,30,27,27,25
24,23,23,23,26,28,31,31,28,26,24,23,22,23,24,29,34,37,37,35,33,29,26,23
22,21,19,18,18,17,21,22,22,22,18,15,13,15,17,21,29,32,32,32,29,25,22,20
19,19,20,23,31,36,41,41,37,35,34,34,34,34,35,36,39,41,41,37,31,27,29,28
27,26,26,28,36,45,47,43,38,38,35,34,33,35,36,40,42,45,44,38,30,27,25,24
23,23,23,25,32,40,43,38,32,30,27,26,26,28,29,36,41,44,42,37,29,26,24,23
23,23,22,25,32,38,38,35,31,29,27,26,26,27,29,35,39,43,41,36,29,26,25,24
23,23,23,25,33,39,40,39,34,32,29,28,28,28,30,36,40,43,41,37,31,28,30,27
25,24,24,24,27,29,30,29,27,26,25,23,24,24,26,31,35,37,37,35,31,27,26,22
23,22,22,22,23,25,26,27,25,25,24,22,21,22,23,27,32,35,37,36,33,29,24,23
23,22,22,24,32,41,42,40,33,32,30,29,30,30,32,38,41,43,43,38,31,27,26,25
24,24,24,25,36,43,42,38,32,30,28,27,28,28,30,37,40,42,39,34,27,24,23,22
22,22,22,23,34,41,41,36,31,29,27,26,26,27,29,36,38,38,37,30,24,23,22,21
20,21,22,23,31,37,37,34,29,27,25,24,25,27,29,35,38,39,38,31,26,25,23,22
21,22,23,25,32,40,43,42,39,38,35,34,33,34,35,38,40,42,40,33,28,26,29,25
24,23,23,23,25,28,31,33,32,31,30,28,27,27,27,29,30,33,32,27,24,22,19,18
17,18,18,18,20,21,23,23,25,25,25,25,23,23,24,27,33,36,36,34,32,28,23,23
22,22,22,24,35,42,47,47,45,44,42,40,40,40,39,42,44,47,43,37,32,26,27,26
25,24,24,26,35,43,44,43,41,40,38,36,34,35,36,39,41,43,43,35,31,27,26,25
24,24,24,26,35,43,43,42,38,36,33,31,31,33,34,39,42,45,43,37,30,28,26,25
25,24,24,26,36,46,45,40,35,32,29,29,29,31,34,40,43,48,44,37,29,27,26,25
24,24,24,26,36,43,43,40,34,31,28,27,27,27,28,34,39,43,40,34,28,26,29,26
25,24,23,24,27,31,31,32,27,25,23,23,23,24,27,31,35,39,37,32,27,24,23,21
20,19,20,20,21,22,22,23,21,20,16,15,13,15,18,25,31,34,36,32,30,25,22,20
19,18,20,23,34,42,42,39,34,32,30,30,30,32,32,37,41,45,46,39,33,29,30,29
27,26,27,29,39,47,49,46,39,35,30,28,28,29,32,39,43,47,41,31,25,22,24,22
21,20,20,22,29,35,36,32,28,22,21,16,15,20,23,28,34,38,36,29,26,22,22,19
19,18,17,21,29,38,38,31,26,23,16,13,13,14,20,25,30,36,32,26,24,20,23,22
22,22,22,24,37,44,47,44,39,37,34,30,30,30,32,33,41,45,42,33,31,28,30,27
27,27,26,26,30,30,36,38,38,37,35,32,31,31,32,36,39,43,40,34,32,29,26,24
23,22,22,22,23,25,27,27,25,26,24,23,23,24,24,30,36,40,40,35,32,27,25,23
22,22,21,23,29,33,33,30,28,28,26,23,22,23,24,30,36,40,39,33,29,25,25,24
23,21,22,24,31,39,44,38,35,32,33,30,29,31,29,35,39,43,35,28,25,23,26,24
24,23,24,25,35,42,42,35,30,29,28,28,28,30,31,35,38,39,33,28,27,25,22,20
19,17,19,21,28,37,39,37,36,37,36,35,34,33,34,40,43,45,40,34,31,29,27,26
26,25,27,28,38,45,47,46,47,46,46,43,40,40,40,41,44,46,39,32,31,31,33,32
30,30,29,31,31,32,37,39,39,39,34,32,31,32,32,36,41,45,39,33,32,31,32,28
29,28,27,29,30,31,34,35,35,37,34,32,31,31,32,37,44,49,46,39,35,33,29,29
28,28,28,31,43,55,61,53,49,50,48,47,45,44,50,55,62,73,53,41,36,31,31,30
28,29,29,31,40,49,49,47,48,45,43,42,42,42,42,44,50,52,40,34,31,27,29,27
27,27,28,30,35,44,49,48,47,45,41,39,38,38,40,42,48,48,40,35,33,31,30,29
28,27,28,30,37,45,46,42,37,35,32,31,30,30,31,34,38,38,33,29,27,24,22,21
20,20,21,24,33,40,40,39,35,34,30,30,31,32,32,37,38,39,35,33,31,29,20,18
19,18,19,19,22,27,31,33,34,35,32,33,33,33,38,43,47,53,44,37,36,34,32,31
31,31,30,31,31,32,33,35,34,35,32,29,28,28,31,35,41,45,40,35,34,32,29,29
27,27,28,30,38,48,51,50,48,48,45,45,44,43,44,50,53,54,46,40,37,34,32,31
31,32,31,32,42,52,59,57,51,48,44,42,40,40,41,45,48,50,41,35,34,31,30,29
29,29,30,33,36,47,51,51,50,50,47,45,42,41,42,47,52,52,43,38,35,32,32,31
30,30,31,32,38,49,54,51,52,53,49,49,46,47,50,53,59,59,48,40,37,33,34,33
33,32,32,34,41,49,50,50,50,50,47,44,41,40,40,45,47,48,42,35,33,32,37,35
34,34,35,35,36,38,38,42,40,39,38,36,36,38,40,44,51,54,45,39,37,34,33,32
32,32,32,31,33,34,38,39,38,37,36,33,32,33,34,40,47,51,41,37,37,33,32,29
30,29,30,31,38,46,47,48,47,46,45,44,42,41,42,44,44,44,41,35,34,31,34,35
34,35,35,34,42,54,67,64,64,65,61,58,53,53,54,60,72,78,52,43,41,38,36,35
35,35,34,35,45,57,62,58,55,51,50,47,45,45,47,50,52,50,41,35,34,30,33,31
31,31,32,33,38,49,51,52,49,48,45,41,39,39,41,46,48,46,39,34,33,29,29,28
26,25,25,29,34,40,41,39,38,36,33,32,34,35,36,42,44,46,40,38,37,33,31,30
29,28,30,30,32,34,35,38,38,36,34,32,31,32,33,40,44,44,40,34,32,32,29,29
29,29,29,29,30,31,33,34,36,36,36,35,34,35,37,39,44,50,50,46,41,38,36,34
33,33,33,33,34,42,49,49,47,49,49,47,45,45,48,51,56,62,59,44,39,37,34,35
32,32,32,32,33,34,40,39,35,34,35,31,31,31,35,36,41,43,41,37,33,31,26,17
14,13,12,14,21,32,42,42,37,36,35,33,34,35,37,42,54,58,51,45,40,40,35,35
33,33,34,35,38,47,64,65,60,58,57,56,54,53,57,58,70,72,64,47,40,36,34,33
32,30,30,30,32,37,47,48,45,44,44,42,41,42,47,46,49,50,45,41,39,36,34,35
34,33,34,34,34,34,37,41,45,46,45,42,41,39,39,39,48,49,46,40,34,34,33,30
29,27,25,27,24,24,29,32,34,35,36,37,38,36,36,38,43,48,49,44,41,40,36,36
35,35,34,35,37,47,58,59,57,54,54,52,52,49,51,56,59,63,60,51,46,43,39,38
38,37,36,38,40,53,76,66,60,58,56,56,56,56,63,69,90,99,74,57,46,42,39,37
35,34,35,35,37,45,60,60,54,52,53,53,55,57,60,67,74,67,55,48,42,40,36,34
32,32,31,33,35,41,55,62,62,62,63,61,61,60,61,68,85,70,61,49,41,38,37,37
36,34,34,35,36,42,53,58,58,56,56,55,54,52,53,57,77,72,62,50,47,47,43,40
40,39,38,38,37,39,39,40,42,42,43,42,40,40,40,44,53,48,46,42,38,38,36,33
30,30,30,31,31,30,30,33,37,38,40,40,37,38,40,43,49,48,47,42,40,40,37,34
34,34,34,35,36,44,51,54,50,48,46,47,50,50,53,60,84,68,59,48,42,41,36,28
27,24,24,27,30,36,41,43,43,44,45,43,44,43,45,46,52,48,43,40,38,37,36,34
33,34,34,34,36,43,49,52,49,49,47,44,43,41,40,38,43,41,37,34,32,32,30,29
27,26,26,28,31,36,45,49,50,47,46,44,42,41,42,44,47,44,41,32,28,23,15,42
34,41,2,7,13,29,36,37,35,33,32,31,31,32,33,36,42,41,41,37,33,30,24,9
9,9,9,11,14,20,28,31,34,35,35,34,34,35,37,40,44,43,39,36,32,31,26,15
11,9,9,9,9,4,5,4,7,7,8,6,49,53,32,10,15,18,14,16,13,12,9,1
45,22,1,7,15,31,43,43,42,41,42,42,42,42,45,47,50,47,45,43,37,35,32,24
22,21,21,23,27,35,43,43,41,41,41,42,42,46,50,54,58,55,52,49,44,40,36,34
34,32,32,32,36,43,54,55,52,50,50,47,48,48,54,55,62,56,51,44,37,34,31,32
31,30,29,29,32,37,43,45,44,42,41,41,41,44,45,47,54,49,44,41,36,35,31,33
32,31,31,31,34,40,47,49,50,48,48,47,48,45,47,48,56,48,47,39,37,37,35,37
35,33,32,31,31,32,36,43,46,46,46,44,43,40,40,42,46,45,41,34,33,31,28,23
21,18,18,19,19,20,22,31,33,33,35,34,33,31,32,36,41,41,40,37,34,32,31,30
27,26,26,26,30,40,51,51,45,44,43,42,44,45,52,57,61,56,54,48,43,42,37,36
34,33,32,33,37,45,60,52,48,46,42,39,42,43,46,54,55,47,47,40,38,33,31,28
27,25,25,25,29,36,46,44,40,38,38,36,37,37,39,43,44,41,39,32,30,26,19,19
14,11,10,11,16,28,38,38,37,35,35,34,34,32,34,36,38,35,32,27,24,16,11,6
3,2,4,11,20,35,46,47,47,47,48,47,46,48,51,54,59,56,53,49,43,41,38,35
35,34,34,35,36,37,40,45,46,43,43,39,39,39,45,50,55,55,48,44,42,41,36,33
31,31,30,30,31,31,33,36,36,36,37,36,35,36,38,43,48,50,47,44,41,41,36,35
32,32,31,32,37,46,58,54,54,46,45,43,42,43,49,58,69,63,56,52,46,43,38,37
35,34,35,36,38,44,59,69,59,52,52,51,54,58,61,65,78,66,61,51,45,40,36,35
34,33,33,33,35,40,56,57,50,44,42,39,39,42,45,45,48,41,39,35,31,28,23,21
16,14,13,15,21,30,37,38,36,35,33,32,33,35,38,42,46,38,38,36,33,31,27,25
23,21,22,25,26,34,43,42,42,41,40,39,39,38,42,46,49,45,40,39,34,33,29,24
22,17,16,17,17,18,24,30,32,30,30,31,30,33,37,40,47,44,41,38,36,35,32,25
23,21,19,19,19,17,18,20,26,26,28,26,24,24,24,29,33,34,33,30,29,28,26,23
21,17,19,22,27,34,47,48,47,52,53,51,53,54,56,63,70,65,60,52,45,40,35,36
35,35,35,36,37,47,60,60,58,57,57,54,55,58,56,62,73,60,55,49,42,38,35,35
34,33,33,35,36,49,71,72,71,74,70,66,66,67,68,74,87,83,66,54,49,40,36,34
33,31,32,33,35,43,59,61,59,55,54,51,52,52,54,57,62,52,50,42,36,35,32,34
32,31,32,33,35,46,64,69,66,62,60,57,57,57,64,71,81,83,71,60,50,47,39,40
39,38,37,37,38,39,43,46,50,49,50,47,46,45,49,52,62,60,52,49,42,42,37,34
31,32,31,31,32,30,32,34,36,37,40,39,39,36,37,43,48,49,48,45,41,40,35,35
33,33,32,34,37,50,71,72,73,74,75,69,70,71,73,76,90,80,76,65,49,44,39,36
35,35,34,34,37,42,59,65,64,59,58,54,54,54,57,63,73,60,58,48,40,36,33,34
33,32,31,33,34,41,51,55,49,46,43,41,41,41,44,46,49,45,42,39,36,35,30,32
32,32,31,32,35,41,52,53,52,52,51,50,49,49,49,54,59,53,49,47,41,37,34,32
30,29,29,30,31,36,45,46,49,50,49,46,43,42,42,44,44,40,36,29,25,24,14,3
44,26,10,25,6,10,16,26,31,32,31,27,23,20,20,26,29,26,19,7,2,23,46,45
48,28,26,15,60,23,39,21,5,12,15,14,8,3,4,6,14,15,15,13,7,2,29,43
14,8,16,46,24,38,28,7,17,17,18,18,14,14,13,15,17,19,18,23,19,15,9,4
49,22,59,9,25,3,21,29,32,36,35,34,34,31,37,40,45,46,41,42,35,33,26,24
23,23,24,25,28,34,39,46,45,47,48,47,46,46,48,51,59,61,56,49,46,45,39,40
37,38,36,36,38,42,49,56,55,53,49,47,47,48,50,56,62,59,55,47,44,41,36,38
36,35,33,33,35,37,44,49,49,44,42,39,39,42,46,51,57,54,50,43,38,36,33,36
36,33,34,34,34,32,34,41,40,38,37,38,38,36,39,46,49,44,39,36,34,35,29,25
26,24,20,20,19,15,14,18,20,21,23,22,20,20,23,31,38,38,37,32,30,31,24,26
24,23,22,24,27,33,45,42,47,49,51,50,52,49,52,61,70,62,56,49,42,41,34,35
36,33,33,31,32,39,51,47,46,45,44,39,37,39,41,40,42,40,37,31,27,25,16,7
4,13,51,5,10,23,31,33,34,35,34,34,33,36,38,53,55,52,50,42,39,37,34,34
33,31,31,33,37,43,56,59,57,54,53,52,52,52,55,63,74,69,66,57,49,48,41,44
41,39,38,39,40,49,59,60,59,58,56,55,53,53,57,65,71,67,61,51,40,39,35,40
37,35,34,33,33,30,34,36,40,41,43,44,41,43,46,51,56,56,51,45,43,44,38,38
37,35,33,33,36,35,38,38,43,47,48,47,44,42,44,47,55,55,54,49,44,45,39,39
38,37,35,37,39,47,65,66,69,69,67,65,64,62,59,60,64,58,56,45,39,37,32,33
32,30,29,30,34,40,58,60,60,61,62,62,62,62,64,66,76,69,61,53,45,42,37,37
35,34,33,33,34,40,59,45,44,41,41,38,38,36,36,36,43,41,36,34,29,26,18,11
8,6,6,9,14,30,43,41,41,41,41,39,38,39,43,47,55,55,50,46,41,39,34,36
33,29,28,31,31,39,51,53,48,47,47,43,41,41,42,45,52,52,48,40,36,34,28,30
28,26,24,24,24,23,28,33,37,37,38,36,35,33,34,41,44,44,40,35,32,34,31,28
27,27,26,27,28,29,31,36,39,41,45,43,40,40,41,48,54,59,56,48,42,44,38,38
37,37,36,37,39,52,77,89,85,85,82,78,71,69,71,71,109,95,85,71,52,50,40,46
45,41,41,40,41,68,101,126,119,112,111,106,101,101,106,110,133,119,110,76,60,50,38,41
39,37,36,37,39,58,101,115,117,109,107,97,95,94,99,105,130,130,114,80,54,49,39,41
40,38,36,37,39,55,92,98,93,90,92,88,89,87,94,97,117,110,97,82,58,51,45,39
39,37,36,38,40,56,90,95,88,84,80,81,75,73,72,75,92,92,78,68,54,52,47,49
45,44,42,41,41,40,46,51,55,57,57,53,49,48,51,61,69,72,63,51,45,48,44,40
39,39,37,37,37,35,37,40,42,44,46,43,38,37,38,48,59,62,58,52,44,46,42,42
40,38,38,35,39,55,81,95,88,86,86,83,84,82,83,86,99,98,88,70,56,48,44,44
43,42,40,41,45,73,121,138,135,123,121,113,110,105,105,111,141,143,124,86,69,60,44,48
44,43,40,41,45,70,120,130,112,104,98,91,87,87,93,96,117,127,102,86,68,58,49,43
40,39,37,37,41,51,72,72,69,64,65,61,58,56,60,63,68,60,55,48,41,39,35,36
36,33,33,33,35,39,52,53,50,49,49,48,48,47,53,59,64,63,59,49,43,44,39,39
37,36,37,37,36,35,37,42,43,43,42,40,39,40,42,49,56,55,49,40,36,36,33,33
31,29,28,29,28,24,26,26,31,32,33,32,29,29,32,36,42,43,43,39,35,36,31,30
30,28,28,30,32,40,55,52,52,51,54,53,54,55,59,60,68,68,62,54,46,45,39,36
35,36,35,34,36,38,65,79,82,83,85,81,79,76,75,76,91,92,88,61,52,48,40,44
41,40,39,40,42,51,67,68,66,64,63,57,56,55,54,55,60,55,50,44,39,38,34,36
35,34,33,34,36,42,55,59,58,58,56,52,48,48,51,54,59,57,49,43,40,40,36,33
33,32,31,32,34,43,57,58,59,60,61,60,56,53,54,57,61,63,59,50,44,44,39,36
34,33,33,32,33,34,37,42,43,44,45,45,42,43,45,49,54,59,53,47,41,41,39,35
34,34,32,32,31,32,34,36,37,41,43,41,37,37,38,44,52,57,54,46,40,45,37,36
35,34,34,34,37,48,66,74,71,74,73,71,67,63,64,62,70,72,67,59,52,50,40,43
40,39,39,38,41,52,71,76,75,72,71,67,65,64,61,63,70,71,66,54,43,42,37,40
38,37,36,37,40,51,66,69,70,69,68,69,68,66,67,73,78,88,82,68,58,56,47,47
45,44,43,44,46,57,78,82,78,74,73,72,70,68,67,68,72,79,75,59,47,45,42,38
37,36,36,36,37,42,60,58,58,57,56,52,46,44,45,48,56,58,52,43,40,41,38,38
35,34,34,36,36,34,38,42,45,45,43,39,36,36,37,40,47,48,47,38,36,38,34,33
33,31,30,31,31,30,32,34,36,38,42,40,34,31,34,39,43,50,48,42,36,41,36,35
33,31,30,33,39,49,72,64,63,60,56,53,48,48,50,54,56,62,58,53,44,41,37,34
34,32,33,33,35,43,60,55,52,47,45,42,40,43,47,53,62,65,61,56,46,48,41,38
36,37,36,37,39,50,64,61,55,48,42,40,40,41,48,55,61,67,62,55,45,43,38,33
33,32,32,32,34,39,52,51,47,42,37,36,35,36,41,49,54,58,53,46,37,36,32,31
30,30,29,29,31,34,46,50,51,48,46,42,41,41,44,48,52,57,51,48,43,42,38,40
37,36,36,36,37,36,42,46,51,50,46,44,41,39,39,41,48,54,52,44,39,37,33,32
32,31,30,30,28,27,27,30,31,31,33,29,27,25,30,33,40,45,43,40,32,34,29,27
22,18,17,18,25,35,45,44,41,39,36,34,31,35,38,38,40,42,41,37,34,30,19,4
6,9,9,11,20,32,42,42,40,39,38,37,35,36,38,43,47,52,51,44,38,33,28,25
15,9,6,5,5,18,29,33,33,31,31,29,26,26,26,29,33,36,32,31,23,14,11,8
4,4,6,10,23,36,54,54,48,46,45,41,35,32,30,29,31,36,33,24,16,10,1,27
40,7,11,13,6,22,35,36,35,34,35,34,34,36,38,43,51,60,58,51,44,41,34,32
31,31,28,29,31,34,38,40,39,37,34,29,25,24,27,32,37,39,36,30,24,21,16,7
5,5,5,3,5,2,8,10,15,19,25,19,18,18,18,24,32,39,39,34,29,29,24,23
18,17,18,19,26,37,46,44,42,38,37,32,31,31,33,35,40,42,38,36,31,25,16,4
1,1,1,4,12,29,36,33,32,29,30,29,32,35,38,40,43,49,48,42,36,32,27,28
25,24,23,26,31,40,48,45,42,39,36,34,32,32,33,35,39,48,48,43,39,35,30,32
30,27,24,25,28,32,38,36,33,23,20,16,16,15,19,27,35,39,40,36,32,29,23,24
23,24,28,29,33,41,49,48,45,43,42,39,38,37,40,42,44,48,48,42,37,36,33,30
30,28,28,28,28,30,32,35,36,35,33,32,31,32,33,34,39,43,41,36,32,31,26,12
7,6,6,6,5,7,7,7,8,10,10,10,8,9,15,23,32,37,38,34,31,32,25,26
23,22,29,30,33,43,52,51,50,46,46,43,41,41,43,43,46,52,53,49,43,41,36,32
31,30,30,31,32,40,49,49,50,49,48,45,44,44,45,46,52,60,61,54,45,42,37,35
33,32,31,32,33,39,47,49,46,40,38,34,32,32,33,32,36,39,41,37,33,29,26,29
28,28,28,30,32,39,48,50,48,45,44,40,38,37,38,37,40,44,44,36,31,29,23,24
22,19,20,21,26,32,39,41,37,37,35,33,30,30,32,36,43,50,52,46,42,40,36,34
33,31,31,33,33,32,34,36,37,34,32,30,28,29,29,32,39,45,46,41,35,34,30,30
28,25,24,25,24,24,23,27,24,24,21,20,14,12,18,24,33,38,40,37,34,35,31,28
28,26,26,27,29,41,49,47,42,39,38,34,33,34,36,40,47,52,55,48,41,39,35,32
31,30,29,29,31,37,46,46,42,39,36,32,30,30,30,33,38,44,45,37,33,31,24,24
21,20,21,24,28,35,42,43,39,36,34,30,30,30,30,32,39,46,49,42,37,34,30,30
28,28,27,27,31,37,42,43,38,34,32,30,30,30,32,33,41,48,50,43,35,31,27,24
22,19,20,23,27,33,38,38,36,33,32,29,26,26,27,28,35,39,40,33,28,26,17,4
56,6,9,16,47,56,7,13,20,24,24,22,20,17,16,17,27,33,37,33,29,29,25,24
22,18,17,16,16,15,15,16,18,17,19,5,3,1,35,2,13,19,23,15,12,12,8,25
1,1,1,2,13,32,40,39,35,32,31,29,27,27,28,29,33,38,41,34,31,27,22,14
12,14,15,19,24,32,36,37,34,31,30,27,27,28,30,33,37,44,49,43,38,35,30,31
29,28,27,29,31,39,45,45,42,40,40,37,37,37,39,39,43,47,48,41,35,33,29,30
30,28,28,28,31,36,42,43,40,36,35,33,33,32,34,34,40,44,45,41,36,35,31,31
30,29,29,30,31,38,43,43,40,36,33,31,29,29,31,32,36,40,42,37,33,33,31,29
28,27,27,26,27,26,26,28,27,27,24,20,16,13,16,19,30,35,38,34,31,32,28,24
22,21,20,49,20,21,24,24,23,23,21,18,13,16,18,25,35,39,37,34,34,30,29,27
26,27,28,30,41,47,44,40,33,31,28,28,28,29,29,35,40,45,43,39,35,30,30,29
29,28,29,32,40,50,49,42,36,33,30,30,29,28,29,32,37,42,41,36,32,28,27,25
23,21,23,26,30,35,35,31,27,26,23,23,25,27,29,32,37,41,40,37,35,31,29,28
27,27,27,30,36,43,44,41,39,37,32,31,29,30,29,31,36,41,40,34,31,27,26,24
24,24,25,27,32,40,40,37,34,33,30,28,26,26,28,32,36,40,39,35,33,31,29,28
27,28,28,29,29,31,36,36,34,30,29,28,26,26,27,30,34,39,41,38,37,33,29,28
27,26,26,26,26,27,28,29,29,28,26,22,19,20,19,27,32,35,37,37,37,31,28,27
26,26,27,30,41,48,48,43,41,39,34,33,33,32,32,36,40,43,46,42,39,32,32,32
31,31,30,33,43,52,53,49,44,42,36,35,35,34,35,37,42,46,46,41,38,33,33,30
29,29,30,31,39,46,48,44,39,37,32,30,29,28,26,28,31,34,33,28,26,18,14,13
14,15,17,26,32,39,41,37,34,33,31,30,29,29,30,33,35,41,41,35,33,27,23,22
19,20,24,26,34,40,41,39,39,36,33,31,29,29,29,32,37,40,40,38,36,31,31,30
30,31,31,32,34,35,37,39,35,34,31,29,27,28,27,32,37,41,42,39,39,35,33,29
27,27,28,28,28,28,27,28,22,23,19,14,11,11,16,25,32,38,40,37,36,29,27,23
20,19,20,28,36,42,40,37,35,35,30,29,27,28,28,31,34,36,39,37,34,29,24,22
20,19,21,26,35,41,41,38,34,32,30,28,28,29,30,33,39,44,45,41,37,30,27,23
23,23,23,27,34,38,38,36,31,32,26,25,24,25,25,28,31,34,36,33,30,24,22,20
18,19,21,25,33,37,38,35,31,30,26,25,25,26,25,29,34,38,40,38,36,31,27,26
26,24,24,27,29,32,31,31,30,29,27,26,25,25,25,28,35,38,41,39,36,32,27,23
21,20,19,17,17,20,25,25,23,19,12,10,7,7,8,14,20,28,28,25,21,17,10,4
3,5,5,3,1,5,9,11,8,2,32,5,43,56,56,11,17,28,35,33,35,30,25,22
20,19,18,18,20,19,14,15,14,16,12,12,8,8,8,12,20,24,28,28,28,23,20,19
18,17,18,24,35,47,47,47,38,39,35,35,35,32,29,34,39,40,46,41,40,32,33,30
30,29,29,32,40,45,44,43,39,37,35,35,34,35,33,37,40,43,44,41,39,36,34,33
33,32,33,36,43,50,50,45,40,39,38,36,34,34,35,38,41,46,46,42,38,33,32,30
28,28,29,32,36,41,42,38,36,32,30,27,25,25,24,27,31,34,32,29,26,20,11,11
10,11,9,11,11,16,16,16,15,10,9,4,54,41,2,11,20,21,23,22,24,17,15,12
11,8,10,11,10,12,10,9,7,7,58,21,58,22,10,11,25,34,38,34,34,30,25,24
23,23,23,30,39,42,39,35,32,30,26,22,20,22,22,32,36,40,40,38,32,27,33,32
30,30,30,32,37,44,47,44,40,38,35,34,33,33,34,38,39,43,46,44,39,33,33,32
32,32,32,34,41,50,54,51,48,47,42,40,40,39,40,43,46,48,48,46,41,36,33,32
31,31,31,33,40,47,49,45,42,39,35,36,33,34,34,39,43,45,44,43,40,32,31,30
30,30,30,31,40,46,47,46,45,44,41,38,36,35,34,36,38,41,40,38,34,30,33,31
32,31,30,30,31,33,34,33,31,29,28,27,26,26,27,30,34,39,38,37,36,33,26,23
22,21,20,18,13,11,14,10,3,3,59,24,49,16,20,3,12,18,18,16,11,4,6,58
42,47,2,5,6,10,10,11,10,11,10,7,10,12,14,18,30,32,32,32,32,28,26,25
24,25,26,29,37,43,42,42,42,41,38,37,35,35,34,36,39,40,40,37,34,25,26,24
24,24,25,30,36,42,45,40,38,37,34,33,32,32,32,34,36,38,38,35,32,27,27,25
23,23,23,27,34,38,40,37,36,35,32,32,30,30,29,33,34,38,37,35,32,28,28,28
27,27,28,30,37,44,47,46,45,44,41,37,36,36,34,36,39,41,42,40,38,33,34,31
30,30,30,30,32,33,35,34,32,31,28,26,26,28,31,32,35,38,37,37,35,32,29,27
26,25,26,25,25,26,29,31,31,31,30,25,22,21,22,26,29,32,34,33,33,27,26,25
22,20,21,23,31,38,41,36,36,37,31,30,29,28,28,31,34,37,37,36,33,28,31,31
30,31,32,35,44,49,50,48,44,41,39,38,35,35,36,39,42,44,44,43,39,34,31,29
29,27,30,31,40,46,48,43,39,38,35,34,33,33,35,40,45,49,49,47,42,36,33,31
29,30,31,33,40,45,47,44,41,40,37,36,34,34,35,38,40,42,40,37,32,26,25,24
23,24,25,28,33,40,43,40,39,38,35,32,31,31,31,35,38,40,40,39,36,32,34,30
30,30,29,29,31,32,35,35,34,32,31,30,28,27,28,31,34,39,39,39,38,34,32,29
28,27,28,28,23,24,26,26,26,25,24,20,15,18,20,26,31,33,36,36,37,31,30,29
27,26,27,30,39,45,46,44,40,40,36,34,32,32,34,38,43,45,45,44,40,34,30,28
27,26,27,29,34,42,44,42,39,37,34,33,33,33,34,38,40,42,42,40,37,30,30,27
26,26,26,28,35,43,43,40,37,36,33,31,31,31,31,34,37,39,37,35,31,26,24,21
19,18,20,22,30,36,37,35,32,32,30,31,30,31,32,37,40,43,42,40,37,32,30,28
27,26,27,29,35,42,43,41,39,37,35,34,32,31,31,34,37,38,37,35,34,29,31,28
27,27,26,28,27,29,32,32,30,29,28,28,27,28,27,31,33,38,38,39,38,32,29,28
26,25,25,24,24,23,24,24,20,23,23,20,17,19,22,27,32,36,38,38,38,33,28,27
26,26,26,28,37,43,45,39,36,36,34,34,33,33,35,39,42,45,43,41,38,31,31,28
27,27,27,28,35,41,43,40,37,37,34,33,31,31,30,34,38,39,37,36,33,28,26,24
23,21,23,25,32,36,38,35,32,31,30,29,29,30,29,33,36,38,38,37,36,33,30,28
26,25,24,23,24,24,24,23,20,19,18,14,12,12,15,21,27,31,35,34,35,31,28,26
24,24,25,26,31,38,37,37,34,33,33,30,30,28,29,36,39,42,43,42,42,37,32,30
29,29,27,27,28,29,29,28,25,22,19,18,15,15,18,26,31,35,35,33,31,27,19,14
11,12,15,13,13,14,15,14,14,13,12,9,4,9,13,24,30,35,36,36,37,32,31,29
27,27,28,30,38,44,44,41,38,38,35,35,34,34,35,40,45,45,45,43,41,35,34,32
30,29,29,30,38,46,45,43,41,39,35,32,31,32,31,33,37,39,40,39,36,32,31,29
26,25,26,29,35,42,43,39,35,34,31,30,29,29,31,35,41,43,42,41,40,34,32,30
29,28,29,31,38,45,45,42,39,38,33,32,32,33,35,41,45,47,47,45,43,37,33,30
30,29,29,30,37,43,43,41,39,38,34,33,33,33,33,38,42,44,43,41,40,35,32,30
29,27,27,26,27,30,32,32,31,29,28,26,26,26,27,31,35,38,37,36,36,30,28,24
22,16,15,12,11,15,17,18,16,15,12,8,5,5,7,18,26,31,33,34,36,32,27,24
23,21,21,20,21,23,25,26,24,26,24,23,22,22,25,29,33,36,37,36,36,30,28,25
23,21,22,25,32,42,43,43,39,40,37,35,32,33,31,35,37,38,40,39,37,27,11,7
5,4,5,8,18,24,22,18,12,10,9,6,7,7,9,15,23,27,30,30,28,21,17,13
10,11,14,21,29,38,40,37,34,33,30,30,29,29,32,36,40,45,43,40,38,31,29,25
23,20,20,25,35,39,40,39,37,36,34,32,31,31,31,32,34,37,37,36,36,32,32,29
28,28,26,26,27,29,31,29,27,26,25,23,22,24,25,30,35,39,38,38,39,35,29,27
23,21,20,17,18,17,21,19,15,15,13,13,10,10,12,22,31,35,36,35,36,31,26,21
20,17,19,20,32,37,39,37,33,33,29,29,27,27,27,30,32,36,35,35,33,29,21,20
18,17,18,24,30,36,38,34,31,31,28,28,27,28,30,35,41,45,42,42,42,38,32,31
29,28,29,32,38,45,46,42,39,39,36,36,36,35,37,42,44,48,46,43,43,37,34,32
30,28,28,29,32,35,36,35,32,30,29,29,28,29,31,35,38,41,38,37,38,32,27,24
23,21,21,22,29,34,35,32,25,24,14,10,9,9,10,20,26,31,31,31,30,26,20,17
14,13,13,14,18,22,24,25,24,24,23,21,20,21,24,28,33,37,36,36,37,34,29,26
25,23,22,20,21,22,24,24,23,24,20,17,15,16,19,25,32,37,38,38,39,34,32,30
29,28,27,30,37,43,44,42,40,38,37,37,36,36,36,42,46,49,46,44,43,36,35,32
31,31,30,31,38,45,46,44,40,38,35,34,32,33,33,37,40,42,40,39,38,32,32,31
30,29,29,31,38,45,46,43,41,40,37,37,37,37,39,43,46,50,47,45,44,38,34,33
32,31,30,31,39,46,46,43,39,38,34,32,31,31,33,37,38,41,39,37,36,30,27,24
22,20,21,24,30,38,38,36,33,31,28,26,24,25,28,32,36,40,40,38,39,33,30,27
26,25,23,22,21,23,23,23,17,15,11,10,9,9,12,18,28,29,33,33,35,31,25,20
18,15,15,14,12,12,12,9,7,7,5,44,24,7,39,6,16,26,27,29,32,28,25,23
21,20,21,26,34,41,42,38,34,33,31,31,30,33,35,39,43,46,45,44,43,36,34,32
31,30,30,32,39,44,50,48,44,43,40,40,39,39,40,43,45,46,42,39,38,32,29,28
26,25,25,26,34,41,42,41,39,37,36,35,34,34,34,39,41,42,40,38,38,33,31,30
28,28,28,29,36,43,47,47,46,46,44,41,39,38,37,39,40,41,38,36,34,30,30,28
26,25,25,26,32,36,38,36,34,33,31,29,27,27,28,32,35,38,36,35,35,31,30,27
25,24,23,24,24,27,30,31,29,28,28,26,25,24,25,28,32,33,32,32,32,27,26,21
19,16,14,13,14,16,20,21,19,19,17,14,10,10,14,20,28,32,34,35,37,34,29,27
27,26,26,28,37,43,45,45,44,43,40,39,36,35,35,39,41,42,42,40,40,36,30,28
26,26,26,29,36,43,43,40,37,35,32,32,31,32,34,38,42,46,45,44,44,37,35,34
32,31,31,32,39,44,47,44,41,40,38,37,36,37,36,40,44,47,45,43,43,38,34,33
32,31,31,33,38,45,46,42,41,40,38,37,36,37,39,42,46,48,46,43,42,35,32,31
30,29,30,32,37,44,48,46,44,41,37,35,33,34,35,38,41,44,44,42,41,36,36,33
31,31,30,30,31,33,35,35,35,34,32,30,29,29,30,33,36,39,39,38,41,38,34,32
31,30,30,29,29,31,31,31,29,29,28,27,25,25,29,31,37,40,40,40,42,38,32,30
29,28,29,30,37,43,47,45,44,43,40,40,38,40,38,42,42,44,44,41,40,34,35,32
31,30,30,31,38,44,46,46,44,43,39,36,35,36,35,38,42,44,42,41,41,35,33,30
30,29,29,31,36,43,45,45,44,44,43,40,37,36,34,34,35,36,34,32,29,24,24,23
21,21,23,26,32,38,40,38,36,35,32,31,30,31,32,37,40,44,43,43,44,37,34,32
31,30,30,31,38,43,43,42,41,41,37,34,33,32,33,35,37,39,38,38,37,33,34,32
31,30,30,29,29,31,33,35,35,35,33,32,31,32,32,33,38,40,40,39,40,36,32,29
28,27,27,27,26,26,27,28,29,30,29,29,28,28,28,29,32,37,37,38,39,36,31,29
29,27,28,29,37,44,44,44,43,42,40,40,37,37,36,40,43,46,44,43,42,36,34,33
32,31,31,32,40,45,44,42,40,40,37,36,35,36,36,41,44,46,45,41,40,34,33,31
29,29,29,30,35,40,42,40,38,37,33,32,32,33,35,40,42,44,41,40,38,32,31,29
29,29,29,31,37,43,45,45,45,45,41,39,38,38,38,41,43,45,44,42,41,36,31,29
28,27,28,30,35,42,43,42,40,39,36,35,34,35,36,40,43,44,43,42,40,35,34,31
30,29,29,29,29,31,34,35,34,33,31,30,29,28,29,33,36,38,38,38,38,34,31,28
26,26,26,25,25,27,28,28,27,27,25,19,14,16,20,26,31,36,37,37,39,36,30,29
28,26,27,29,37,43,43,43,44,45,42,41,39,40,40,41,43,43,43,42,41,35,30,29
27,26,27,29,34,40,41,42,42,43,40,40,38,37,36,38,38,39,37,35,35,30,26,24
23,22,23,24,31,38,39,40,40,40,39,37,36,36,35,38,39,40,39,37,36,33,28,27
25,24,24,26,32,38,39,39,40,39,38,36,35,34,34,35,37,38,38,36,36,31,29,28
27,26,26,27,31,36,37,36,34,31,29,27,25,26,27,29,32,34,35,35,34,31,28,26
24,23,22,21,19,21,21,22,20,15,9,7,10,13,18,25,30,34,36,36,36,34,29,25
22,20,18,16,13,14,10,11,7,5,1,22,18,46,8,19,26,33,35,36,36,33,28,26
24,23,24,26,34,38,38,35,32,31,29,28,28,30,32,36,40,43,42,40,39,33,32,30
29,29,27,29,34,40,41,40,38,38,36,35,34,34,35,38,39,40,39,38,36,31,29,27
26,26,26,27,31,36,38,38,37,35,33,32,32,32,35,37,40,42,41,39,37,33,29,26
25,24,24,25,30,34,34,34,33,32,28,26,22,21,21,23,26,29,32,31,30,26,23,21
19,18,18,23,27,31,32,30,25,22,16,11,9,10,11,19,25,29,31,31,31,27,28,27
25,23,21,23,25,27,30,32,31,30,28,26,26,27,28,30,32,35,34,35,34,31,28,24
20,17,19,19,19,20,19,20,20,21,18,15,13,14,17,22,28,33,35,36,37,35,26,24
23,22,23,27,34,38,38,37,35,34,31,30,29,30,31,36,39,40,40,38,36,31,28,26
25,25,24,27,33,36,38,38,36,35,31,29,28,29,31,34,37,39,36,35,32,27,26,23
22,20,21,24,30,34,35,34,32,30,28,27,27,28,30,34,37,39,39,38,36,32,30,28
27,26,26,28,34,39,41,41,41,42,41,40,38,38,36,37,38,39,38,36,35,31,29,27
27,26,26,27,32,37,41,42,45,44,42,41,39,38,36,37,38,38,36,35,34,30,28,25
22,20,19,20,21,24,27,29,30,28,26,22,20,20,21,25,27,29,28,27,26,23,18,14
12,12,12,12,13,17,19,19,17,18,19,15,13,14,17,24,30,33,35,34,35,33,30,28
25,24,24,26,34,39,40,39,36,36,34,33,31,32,32,36,40,41,39,37,34,28,24,22
20,20,20,22,27,30,31,30,29,29,26,25,23,26,27,32,34,36,36,35,34,29,27,25
24,23,24,27,33,38,41,41,39,38,35,33,33,34,35,39,43,45,43,41,37,33,32,30
29,28,28,29,33,38,40,39,37,36,33,32,31,31,33,36,38,40,38,38,34,30,30,29
27,27,27,28,32,37,40,39,38,38,34,32,32,31,32,35,37,38,38,36,35,31,23,18
15,13,11,12,12,14,16,10,10,3,16,30,8,53,47,11,19,24,27,27,27,21,16,12
8,8,8,7,8,9,5,5,2,2,31,35,56,29,6,9,21,26,30,30,30,26,24,22
21,21,21,24,33,38,40,39,37,37,34,33,31,31,34,39,42,43,42,40,38,32,30,28
27,27,27,29,36,42,44,41,38,37,35,34,32,33,35,39,42,45,44,42,39,34,32,30
30,28,28,31,38,43,43,41,38,37,36,35,34,35,36,41,43,47,43,41,37,31,30,29
27,27,28,30,36,41,42,41,38,37,34,32,31,32,34,38,43,45,44,42,38,34,33,32
30,29,30,32,38,43,45,43,40,39,36,34,33,34,36,41,45,47,47,44,40,36,34,32
31,30,29,30,30,32,35,36,34,33,31,28,27,28,30,34,39,42,42,41,39,36,31,28
25,24,22,23,24,24,26,26,26,26,25,20,18,18,22,28,33,38,39,39,40,36,31,30
30,29,29,32,41,46,48,45,43,43,40,40,38,39,41,45,48,52,51,46,41,34,32,30
30,29,29,31,38,43,44,42,39,36,33,30,30,33,36,42,46,50,48,44,39,33,32,31
30,29,30,31,37,43,45,43,41,38,34,34,33,34,37,41,43,44,42,39,34,31,31,29
28,28,28,30,35,42,46,46,45,43,39,38,37,38,40,43,45,46,45,42,38,34,32,31
31,30,30,32,37,44,47,47,47,47,45,43,41,41,41,43,45,46,45,42,39,36,34,32
31,30,29,29,30,33,36,37,37,36,33,33,31,31,32,35,40,41,41,38,37,34,31,29
27,27,28,27,27,28,30,29,27,27,26,24,23,24,27,31,36,42,42,40,38,34,31,29
28,27,27,29,40,44,46,44,41,40,37,37,35,38,39,42,45,48,48,44,39,33,32,31
30,29,29,32,39,45,46,45,42,39,36,36,36,37,39,42,45,47,46,42,38,32,31,29
29,27,28,30,36,42,45,44,42,41,37,34,32,31,30,32,34,36,37,33,30,26,20,19
16,15,17,23,33,39,40,39,37,36,35,34,32,33,34,37,42,46,46,42,38,33,29,25
21,20,22,24,33,38,36,34,31,29,25,23,22,23,25,30,34,37,39,35,33,28,21,20
16,16,15,18,23,27,32,34,34,34,33,30,29,29,30,34,37,40,39,36,35,32,30,26
25,25,25,25,27,28,29,29,27,26,23,21,21,20,19,24,27,32,33,30,28,23,18,14
12,11,12,16,31,37,37,35,34,34,31,30,30,30,31,34,37,39,43,38,34,29,9,8
8,7,10,18,31,39,39,37,34,31,28,29,26,27,29,36,41,44,44,39,35,27,19,14
10,5,5,9,20,26,26,25,22,19,12,10,5,9,10,16,22,26,26,20,10,13,55,10
53,22,8,10,29,38,37,36,33,33,30,28,28,27,27,31,35,38,37,32,27,20,17,15
14,13,16,23,37,44,45,41,39,39,37,36,35,36,36,40,44,47,47,43,40,36,33,32
31,30,30,32,34,36,39,40,40,39,37,34,34,34,36,39,42,46,47,42,40,36,34,32
31,29,29,29,32,30,35,35,33,33,32,28,27,28,30,34,40,44,43,41,38,35,34,30
30,28,29,32,44,51,54,51,47,46,42,40,39,40,42,45,49,52,54,44,40,36,36,34
31,30,31,34,45,53,56,54,52,49,45,43,42,43,43,46,49,52,51,43,38,34,32,30
29,29,29,31,39,47,51,48,47,45,41,39,38,37,38,43,46,51,49,42,39,35,33,32
30,29,29,32,41,49,51,49,47,44,39,37,36,38,40,45,49,53,51,43,39,33,33,31
30,30,31,32,42,50,51,48,46,43,39,38,34,35,36,42,47,50,48,42,39,35,36,34
33,32,32,33,35,37,42,42,41,37,35,34,33,34,35,39,44,47,45,41,38,34,32,31
30,30,30,29,30,31,33,34,35,35,35,33,32,32,31,33,40,43,44,39,37,33,31,30
29,28,29,32,42,50,51,50,48,47,43,41,39,40,41,44,47,50,49,43,37,33,33,32
31,31,31,33,43,52,53,50,46,43,39,36,36,38,40,45,49,52,49,41,36,33,33,32
31,31,31,33,43,51,53,50,44,40,36,34,34,36,38,44,49,52,47,39,35,32,32,31
30,29,30,32,41,50,53,50,46,45,39,40,39,40,41,46,49,54,49,42,38,34,33,32
31,30,30,33,41,49,53,50,47,44,38,37,36,37,39,43,46,47,43,36,34,31,29,26
27,28,29,29,32,35,39,41,42,40,36,35,33,34,34,37,42,43,42,35,32,29,29,23
23,23,23,25,27,28,32,34,33,34,31,28,25,24,24,31,38,38,36,29,23,15,5,5
12,53,11,5,25,32,32,31,31,31,27,27,25,26,26,29,33,34,35,29,24,11,15,15
15,15,15,17,22,27,28,27,24,22,15,12,8,10,14,25,31,35,36,30,27,19,20,18
17,19,18,26,36,43,45,43,37,38,31,26,25,27,26,32,35,35,33,27,21,12,1,1
7,8,14,18,31,41,42,36,28,25,17,14,11,13,15,25,29,36,31,25,21,15,7,5
4,5,9,14,31,40,42,38,36,35,31,30,29,30,34,39,45,46,42,39,33,25,21,17
14,14,14,16,19,24,25,26,24,21,14,6,3,3,5,12,16,17,15,7,3,27,9,13
8,43,5,4,13,21,31,34,34,35,35,30,28,28,33,38,48,52,49,43,41,35,28,27
26,26,27,31,44,55,58,57,51,49,46,43,42,43,45,49,58,63,57,43,37,33,34,32
30,31,31,33,43,52,56,53,46,43,37,35,34,34,35,37,40,41,37,33,28,23,23,21
20,20,21,26,36,44,47,43,39,36,33,30,30,31,34,37,41,44,37,32,30,23,19,15
13,11,12,18,30,36,36,32,28,24,17,15,16,20,25,34,39,43,42,39,36,32,28,27
27,27,28,32,43,54,57,54,47,44,40,39,36,39,40,46,51,52,45,41,36,31,27,26
26,26,26,27,30,33,37,35,30,27,23,16,20,25,32,39,44,47,43,38,37,34,26,24
25,25,26,28,27,30,32,32,30,25,23,17,14,16,26,33,41,45,39,35,32,26,28,26
25,24,27,30,42,55,55,48,42,38,33,32,31,35,40,50,59,62,52,43,38,32,28,27
27,26,26,29,41,52,50,42,36,34,30,30,30,35,38,49,58,60,49,43,40,36,34,33
33,33,32,36,49,67,71,64,54,49,43,42,43,44,50,60,73,80,61,47,41,36,36,35
33,33,33,36,49,64,70,64,54,48,41,42,41,45,48,54,63,62,43,37,32,29,29,29
28,28,28,31,39,50,55,47,44,41,36,33,33,35,36,45,51,49,39,35,34,31,64,61
61,59,61,60,63,72,83,86,80,77,71,67,63,64,68,80,88,90,76,66,60,44,29,18
10,8,8,8,12,21,25,30,33,32,27,23,29,33,43,65,79,85,78,70,67,53,54,49
49,48,50,59,83,102,104,98,93,93,88,82,84,88,92,105,120,120,98,88,76,67,37,36
35,34,34,36,47,57,59,54,53,51,45,42,40,41,41,46,48,45,38,35,31,24,19,16
15,15,18,25,35,42,42,40,38,35,31,30,30,32,34,40,47,47,42,38,37,32,30,30
29,30,30,32,43,52,51,47,45,42,38,36,35,37,40,45,50,50,45,39,35,30,25,22
18,18,19,23,32,38,40,38,36,34,29,25,24,25,33,39,45,46,40,36,33,28,20,16
9,5,2,1,5,6,20,20,14,10,53,25,33,36,37,5,16,15,46,35,13,10,54,18
48,9,58,52,18,7,17,11,8,27,25,31,46,60,39,16,27,33,27,26,24,24,19,11
9,10,11,12,18,31,40,38,37,36,36,34,33,35,40,43,54,61,58,48,44,40,35,35
33,30,30,32,32,36,41,42,40,39,39,37,35,36,37,39,47,49,45,41,36,33,28,25
23,23,21,22,24,31,35,34,34,33,32,31,29,30,32,35,41,44,42,32,29,28,20,22
20,19,18,20,26,36,43,44,40,38,38,37,36,37,43,48,56,59,56,49,44,41,38,36
35,35,33,35,38,52,66,67,65,64,60,56,52,52,54,59,66,68,65,51,42,38,34,35
35,33,32,32,33,34,38,42,43,41,38,35,33,34,34,36,39,39,36,29,26,24,17,16
14,15,15,19,23,30,33,35,37,37,40,40,37,35,36,38,46,50,49,44,39,38,34,34
31,31,31,33,36,49,63,67,63,61,59,56,55,53,59,69,82,97,78,65,53,47,39,38
38,36,36,36,38,51,63,64,61,58,56,54,54,55,58,61,72,71,62,51,45,38,34,36
36,35,35,36,36,50,67,76,72,71,73,71,70,70,80,88,110,116,90,67,53,49,41,39
38,38,37,39,41,54,73,73,66,63,60,54,53,53,56,56,64,67,56,46,37,35,31,29
28,27,26,27,30,35,42,46,42,39,38,35,32,31,32,33,37,37,35,31,26,24,18,6
4,27,55,5,7,9,17,23,27,27,28,28,28,28,31,37,42,43,42,38,35,35,31,28
24,24,21,20,20,21,23,31,34,37,40,38,37,36,36,37,44,46,44,38,35,36,32,26
25,24,21,23,29,43,56,54,49,48,48,47,46,46,49,60,69,69,62,51,45,40,36,36
36,35,34,34,35,47,59,54,41,42,41,38,40,42,44,51,57,55,54,52,46,40,36,34
34,33,33,35,38,53,71,74,70,67,67,66,67,71,76,87,111,128,105,69,56,49,41,38
38,37,37,36,39,57,74,69,57,54,53,52,52,51,52,57,65,61,56,48,39,36,34,32
31,30,31,32,34,45,58,58,52,51,50,46,46,46,49,51,56,51,43,36,33,31,28,30
27,24,24,24,22,18,20,28,27,23,19,15,11,9,12,21,30,29,27,21,15,14,6,53
39,25,39,34,60,27,16,45,23,15,29,35,39,34,48,3,20,21,23,23,20,24,14,15
12,12,12,14,21,37,46,50,44,43,45,43,44,42,46,48,52,51,47,44,40,36,31,33
33,33,33,34,36,48,61,65,65,65,66,64,63,59,60,62,67,54,49,40,35,33,26,24
18,16,14,17,20,30,41,40,36,35,35,34,34,35,38,44,53,48,44,34,31,30,24,17
15,10,11,11,17,28,36,36,31,25,22,19,21,23,27,34,40,37,35,36,31,28,22,26
25,25,26,28,31,38,49,50,45,43,42,41,41,42,47,52,60,58,55,49,44,43,39,40
38,38,36,36,36,36,39,43,46,46,46,44,41,39,39,40,46,43,39,34,32,32,26,19
13,12,10,8,7,6,7,11,14,15,14,12,9,9,12,21,27,27,23,18,18,17,12,12
10,8,9,12,21,35,45,44,42,39,38,36,35,35,39,41,46,45,40,37,31,29,21,16
14,13,13,13,20,32,37,40,39,37,38,38,40,45,48,55,66,64,58,54,45,42,36,35
34,34,34,36,38,58,80,85,82,80,81,78,79,77,79,90,115,111,89,77,61,52,41,43
42,40,39,40,43,59,86,99,95,93,93,84,85,85,88,95,115,107,88,70,57,50,41,38
38,37,36,37,38,55,81,91,90,87,83,80,78,79,81,87,101,95,83,62,53,46,39,42
39,38,37,38,38,38,42,48,48,47,46,43,41,39,42,50,52,50,45,41,37,36,31,30
27,25,24,24,23,23,25,29,30,33,36,33,31,31,31,36,40,41,38,33,31,31,25,18
14,11,10,11,20,37,43,45,43,43,42,41,42,43,47,50,55,52,48,42,37,34,29,29
27,25,24,24,29,38,45,45,42,43,41,39,40,40,41,43,46,43,39,36,32,27,18,11
10,7,7,10,16,30,36,38,36,37,37,35,36,37,39,41,45,45,44,38,34,32,25,25
24,22,23,24,26,36,44,40,37,34,32,30,31,31,33,34,36,33,31,26,22,20,14,21
21,19,23,26,30,38,44,44,43,43,39,36,35,35,38,40,44,41,37,34,32,29,23,11
7,4,4,2,3,5,11,15,19,20,20,19,17,17,22,30,31,29,26,18,15,15,8,7
6,6,7,10,11,13,15,22,24,26,28,28,24,22,19,21,21,20,20,13,11,14,7,13
16,15,18,25,31,46,60,57,57,55,55,48,47,47,49,47,48,44,40,34,28,23,13,25
23,20,18,17,22,30,37,39,38,38,39,38,37,41,44,49,52,50,47,44,40,36,30,29
26,22,23,23,29,35,38,40,36,34,34,33,34,36,38,37,39,37,34,30,25,20,8,8
7,7,5,8,12,29,37,39,37,32,32,31,32,35,39,43,50,50,50,47,41,41,36,31
30,30,30,30,34,47,59,63,60,59,58,56,54,54,60,64,72,67,60,51,46,42,35,35
33,32,32,30,30,32,34,40,42,43,43,40,37,37,39,43,47,44,40,36,34,36,32,31
29,28,27,30,31,31,33,33,36,38,42,41,36,36,37,41,45,43,39,37,34,34,26,20
18,18,17,20,25,40,50,48,48,48,48,48,50,50,53,55,66,62,57,54,47,44,38,40
37,36,36,36,41,56,80,84,80,78,76,71,70,70,72,77,85,83,72,68,60,49,41,41
38,37,37,38,41,55,76,80,78,77,77,73,71,70,73,73,79,76,68,59,50,44,37,35
33,32,33,33,33,40,55,56,55,54,55,54,53,49,50,53,60,55,50,45,40,39,33,33
32,31,30,31,33,40,48,52,51,50,49,48,43,41,41,46,47,44,39,39,37,35,32,29
26,20,20,16,15,11,15,18,23,22,22,17,12,11,10,12,17,15,13,9,2,8,11,25
54,30,7,46,33,29,5,17,4,3,8,8,36,50,5,7,13,17,16,13,11,13,6,33
41,6,45,43,6,30,3,4,9,9,12,10,8,8,12,21,26,26,28,25,21,23,15,9
1,58,19,38,15,27,50,4,5,6,10,8,3,2,4,9,19,18,18,25,21,22,15,11
5,43,53,6,11,20,36,32,34,33,32,31,31,31,33,37,40,38,38,37,32,32,26,33
30,28,27,26,28,35,41,43,43,43,42,41,39,36,36,41,41,40,35,31,26,26,16,7
5,4,3,4,9,15,26,31,32,31,30,29,28,31,35,39,41,38,34,31,29,29,20,16
11,8,8,9,10,9,11,17,23,26,27,25,22,16,15,16,19,17,14,7,2,1,56,12
36,43,32,35,24,16,29,53,1,32,28,42,56,30,50,3,14,13,7,25,2,10,6,43
38,12,21,11,58,12,35,36,10,35,46,14,5,27,1,8,15,18,24,32,29,31,24,16
16,11,10,15,21,27,36,39,44,40,41,41,38,35,38,40,44,42,39,36,31,26,17,10
6,59,34,57,39,5,19,20,19,19,18,16,16,15,17,18,23,22,20,13,9,6,7,55
8,22,38,54,5,15,30,34,38,41,43,44,44,43,44,49,52,47,43,37,30,26,19,6
1,36,56,22,5,18,29,38,39,41,42,40,38,38,39,44,50,51,47,43,39,37,34,28
28,25,24,24,24,28,29,35,38,39,41,40,41,39,41,42,47,47,44,38,34,34,30,25
20,17,15,17,14,14,15,18,24,26,28,27,25,24,25,30,35,34,32,28,26,28,22,23
21,18,17,19,25,37,47,47,46,44,44,43,43,40,42,45,46,43,40,33,28,25,18,11
9,7,5,6,11,29,37,39,38,38,39,41,39,42,44,45,50,51,47,43,38,37,30,27
26,26,26,27,30,41,52,52,50,48,49,48,48,48,50,52,56,55,51,49,46,42,39,35
34,32,30,31,34,44,53,56,56,56,56,54,53,52,53,54,58,58,54,48,44,42,37,36
34,34,32,32,35,42,52,54,53,53,52,51,49,47,46,47,50,50,46,41,36,36,35,35
33,32,32,32,31,33,34,36,40,39,40,38,37,35,36,38,42,42,40,34,32,34,29,26
25,24,21,20,22,23,25,30,32,31,35,35,33,32,32,35,39,40,39,35,31,33,27,25
25,24,22,21,26,39,48,44,42,39,38,35,34,35,35,35,37,36,31,24,13,8,43,18
23,6,1,4,10,25,37,39,38,37,37,36,35,35,37,38,44,41,39,34,29,28,20,18
16,14,12,13,19,30,38,42,39,36,34,33,31,31,32,33,38,38,36,31,25,24,16,15
12,10,10,12,19,29,39,43,41,39,39,37,35,34,34,35,40,42,41,39,34,34,29,27
26,25,24,26,29,38,48,49,48,47,45,43,41,41,41,44,49,50,47,42,37,36,33,31
29,28,26,24,25,25,28,33,37,38,38,39,37,36,37,41,46,48,44,42,39,38,35,29
27,26,25,25,25,26,28,30,34,36,37,37,36,33,34,37,41,43,41,38,34,35,30,28
22,23,18,19,22,34,40,44,43,43,42,39,40,38,40,41,46,47,43,39,37,34,29,33
31,30,29,30,33,40,50,52,50,48,47,44,42,40,39,39,42,42,38,32,26,25,15,14
11,10,9,11,16,26,39,41,38,36,35,32,29,27,28,30,33,33,30,23,17,15,8,8
6,6,7,10,17,29,41,43,41,40,41,41,41,42,44,46,50,52,50,46,41,39,35,33
31,31,30,30,33,41,51,51,50,49,49,48,46,44,44,46,51,52,49,47,41,40,36,36
35,33,32,31,33,32,36,40,43,43,43,40,36,33,33,34,37,34,31,17,10,4,49,33
40,16,36,31,10,41,15,22,6,13,16,11,6,3,5,12,19,26,23,18,15,15,8,11
41,58,37,50,3,21,32,33,29,27,26,25,21,21,26,29,34,35,34,30,25,22,16,11
10,8,9,13,20,32,43,44,42,39,38,36,36,38,42,45,50,54,52,44,39,38,32,32
30,26,24,23,26,32,41,42,39,36,35,33,31,31,32,31,35,37,36,32,28,27,21,23
21,21,18,20,25,33,39,39,36,34,32,31,31,32,36,40,44,47,46,42,37,36,32,30
29,29,27,29,32,39,50,49,48,46,45,44,42,42,43,44,50,53,50,46,42,41,38,35
33,33,31,31,32,32,37,41,45,46,45,44,41,39,39,40,45,48,45,41,37,37,34,33
31,30,29,28,28,28,29,33,35,36,37,36,33,33,33,35,40,44,42,37,33,34,31,33
33,31,31,30,35,44,55,57,54,52,51,49,50,49,51,53,61,64,59,52,46,45,40,38
36,35,35,36,38,48,62,66,64,60,56,52,50,50,53,60,64,67,62,52,45,42,39,36
36,35,35,36,37,43,57,64,62,58,53,51,50,50,52,56,63,66,60,48,43,40,37,37
36,36,35,35,36,44,59,65,62,58,52,48,48,50,52,54,61,65,59,48,42,40,37,33
33,32,32,32,33,37,50,51,50,49,46,43,40,41,43,46,50,51,48,42,39,39,37,36
35,34,35,34,35,35,38,41,45,44,43,42,39,39,38,40,45,47,43,36,33,32,29,22
18,15,13,11,7,3,4,6,10,10,11,8,8,9,10,15,24,28,27,27,26,27,21,25
23,18,17,18,22,33,42,44,43,40,38,36,35,36,40,41,45,49,46,38,34,32,29,32
31,31,31,31,33,39,48,49,46,42,40,38,38,40,42,45,50,54,48,43,39,38,34,33
33,33,32,33,35,42,52,55,50,47,42,40,38,40,43,44,46,48,42,36,32,29,26,27
25,23,22,22,24,31,38,38,37,36,35,33,33,34,38,41,43,48,44,40,36,36,32,30
30,29,28,29,31,35,45,45,44,42,39,36,34,35,38,42,47,51,49,44,41,40,37,36
35,34,34,34,34,36,38,41,45,46,45,44,41,38,38,39,44,47,46,42,39,39,36,35
33,32,32,32,32,32,33,32,34,34,35,33,31,30,31,33,40,44,43,40,37,37,34,33
32,31,31,32,34,44,53,56,55,51,49,47,46,45,47,49,51,55,50,46,41,38,35,39
38,38,38,38,39,47,58,60,59,57,55,51,50,49,50,51,54,58,54,50,44,41,37,39
38,37,35,36,39,47,60,61,59,55,50,49,48,47,48,50,55,65,62,51,44,42,38,38
37,37,36,37,39,47,58,60,59,53,47,43,42,43,45,48,53,59,54,45,41,40,37,37
37,36,36,38,40,47,60,59,56,49,44,40,38,38,39,42,49,52,48,42,38,37,35,37
36,36,35,35,36,30,32,29,27,20,8,4,19,5,4,17,31,37,34,31,30,33,29,28
28,29,27,30,30,31,35,33,32,32,33,30,27,27,29,33,41,46,45,44,41,41,37,37
35,35,34,35,39,58,71,66,62,57,51,46,45,47,52,56,64,72,67,58,51,45,41,39
38,38,36,38,42,52,74,72,63,53,49,45,44,45,47,52,61,73,66,54,46,42,37,35
35,35,34,34,37,43,57,54,43,39,35,31,31,32,36,37,43,49,45,39,34,32,28,29
29,27,27,27,30,36,46,43,36,31,28,28,28,28,29,30,37,42,41,37,32,32,30,32
32,33,32,34,35,42,50,49,43,38,36,35,34,34,36,43,55,68,61,52,45,44,42,37
35,34,34,33,32,30,32,37,37,32,29,29,28,28,30,35,41,46,43,38,34,35,32,28
24,24,24,24,24,24,26,30,32,32,34,33,31,31,31,36,42,46,43,39,36,37,34,32
32,32,33,35,38,48,59,62,59,55,52,50,50,50,52,56,63,75,71,63,51,47,42,37
36,35,35,35,38,46,59,61,60,55,53,50,47,45,47,45,54,61,57,56,48,43,38,40
38,37,37,37,40,47,60,65,63,60,55,50,48,47,48,50,55,64,64,53,44,40,36,34
33,32,31,31,33,40,46,46,39,36,33,31,30,31,33,36,41,46,45,39,33,33,29,21
20,18,19,23,28,36,42,42,41,39,38,36,35,37,40,44,49,55,56,49,44,42,39,34
31,29,28,27,26,28,30,34,37,36,37,36,34,32,32,33,37,41,42,38,34,34,32,23
20,20,19,18,18,19,19,21,22,21,21,19,16,14,15,19,23,27,27,25,22,22,19,22
21,20,20,23,28,36,42,46,45,43,42,40,37,37,39,39,42,47,46,39,33,30,26,29
28,26,26,27,30,37,45,47,46,42,41,41,41,40,41,43,47,51,50,44,39,38,35,35
34,33,32,34,38,48,57,58,56,54,52,50,48,48,49,50,56,61,60,49,43,39,35,28
25,22,20,22,26,36,41,37,34,28,27,23,23,21,26,29,33,37,38,34,28,26,19,11
9,7,8,13,18,31,40,43,38,36,35,33,29,28,28,29,32,39,38,27,22,18,12,15
10,6,4,3,5,2,2,6,7,2,1,33,22,41,48,4,9,21,21,12,7,6,56,38
19,47,30,60,15,16,35,7,35,39,43,27,54,8,52,3,15,30,33,36,37,38,34,31
31,30,30,33,37,52,70,63,54,50,49,45,44,46,47,50,59,72,70,65,50,45,38,39
36,36,35,33,36,44,51,51,45,39,36,34,34,33,37,40,48,61,68,55,47,45,40,40
40,39,39,40,43,56,73,72,61,54,49,46,45,45,46,50,56,68,76,56,46,41,36,31
28,23,23,21,25,33,39,41,38,38,38,39,39,40,44,47,55,65,77,65,55,52,44,42
41,40,39,39,42,53,67,74,72,64,60,54,51,50,49,49,57,64,75,58,47,46,42,41
40,39,39,39,39,41,42,42,43,41,38,38,36,36,37,41,46,54,58,53,47,45,42,39
38,37,30,38,37,37,37,39,34,36,34,28,26,31,32,38,48,50,51,47,46,41,37,37
36,35,37,40,57,74,70,63,56,51,48,45,45,45,46,50,60,67,64,51,45,40,41,41
41,39,39,41,52,65,68,64,56,51,47,45,42,41,42,47,50,52,47,40,36,31,35,33
33,32,33,36,44,51,52,51,47,47,44,42,41,40,40,41,42,43,42,38,35,30,24,23
20,19,22,28,36,45,48,44,38,37,35,35,36,37,39,44,52,59,59,50,46,41,40,39
36,35,35,37,38,39,37,35,34,32,28,23,18,20,21,24,28,30,29,23,25,20,21,18
13,18,16,19,21,25,31,35,36,35,34,31,29,30,31,34,38,43,39,35,35,29,27,23
20,20,20,20,10,15,18,23,20,23,20,9,3,11,3,15,26,30,36,32,36,31,29,22
21,18,19,20,25,25,29,31,23,24,20,18,13,15,19,28,33,39,42,41,36,30,27,25
24,21,21,28,38,49,52,49,43,39,33,38,35,33,32,35,37,46,54,47,42,30,28,24
21,20,24,31,43,52,56,53,46,44,40,37,37,36,34,37,41,44,45,39,36,28,28,25
22,19,20,27,37,44,42,36,30,27,21,21,19,18,20,26,33,40,44,40,38,32,32,31
31,29,33,37,47,55,56,48,42,38,32,29,28,27,29,35,40,42,40,35,33,26,17,13
11,11,10,12,14,17,20,19,11,3,34,44,24,1,8,25,36,39,36,34,32,27,25,22
20,20,21,23,25,25,27,25,20,19,17,11,8,10,12,23,34,42,44,42,42,38,34,33
30,29,30,35,48,56,58,52,45,42,39,38,36,36,37,42,46,48,51,47,42,34,31,29
27,24,26,30,41,48,48,44,41,39,34,34,32,34,33,37,40,42,41,37,35,28,25,24
22,21,23,28,39,44,44,39,36,35,33,32,30,32,32,37,40,42,42,37,33,27,25,22
21,19,21,26,36,41,39,36,30,27,22,21,19,20,23,31,36,38,38,34,30,25,24,23
22,22,24,29,42,47,49,46,45,43,40,38,36,36,36,39,43,44,45,42,41,35,33,32
30,29,29,31,33,36,36,35,30,28,24,22,21,23,26,32,39,43,46,44,43,40,32,30
27,26,26,26,27,28,28,27,26,26,24,20,16,18,21,25,32,39,41,40,40,36,36,32
30,27,29,35,51,59,61,56,50,50,46,45,44,42,42,44,49,51,55,50,45,38,41,38
37,34,35,40,48,54,59,51,46,42,40,39,38,39,40,45,49,54,54,50,45,40,36,35
33,33,33,35,44,54,53,47,42,39,36,35,34,34,36,41,47,52,53,49,43,37,33,32
30,30,30,34,43,50,50,43,41,39,36,35,34,34,36,39,45,50,50,45,39,33,32,31
30,29,30,34,42,49,48,45,42,39,36,33,32,32,34,37,44,48,50,47,42,37,32,29
28,27,27,28,30,32,32,33,31,29,27,23,19,21,23,30,37,41,43,41,40,36,29,24
23,21,21,21,20,20,19,19,16,16,15,10,4,7,9,17,28,33,36,34,33,30,28,24
23,21,22,27,39,45,45,39,33,32,30,28,28,27,27,31,37,39,41,37,34,27,30,28
24,23,23,28,39,45,42,37,33,32,28,27,28,29,30,34,40,46,50,48,45,38,30,29
26,22,19,22,28,32,34,31,26,25,24,23,22,23,23,28,33,38,41,39,37,31,27,22
18,17,19,25,36,41,43,39,32,31,27,23,22,23,25,31,38,44,45,43,42,35,30,28
27,26,29,31,41,48,52,46,43,40,35,34,33,33,35,40,45,48,48,43,39,33,31,28
24,24,25,26,27,29,31,30,28,25,24,20,18,22,25,31,40,43,43,42,42,39,32,26
25,23,25,24,24,27,25,24,21,22,19,12,9,8,12,17,23,28,28,24,23,16,10,5
3,2,3,6,29,33,30,27,23,20,16,14,9,14,20,26,34,36,41,38,37,29,6,24
19,32,44,55,21,50,5,19,49,52,47,18,12,50,54,52,17,24,32,32,34,28,28,24
24,23,23,27,42,50,52,47,43,43,40,39,37,35,36,40,47,53,54,49,41,35,35,32
31,30,30,33,45,50,52,49,47,44,40,40,38,39,38,41,45,49,50,47,43,36,34,32
32,31,33,35,46,51,54,49,43,41,38,36,34,35,34,37,42,45,46,45,39,34,33,30
29,28,28,29,32,33,32,29,25,23,22,18,16,16,17,24,31,36,35,32,31,27,24,19
18,18,18,20,20,20,19,18,14,16,11,4,25,9,6,16,22,28,30,28,29,23,23,21
21,22,25,29,43,45,43,40,37,37,33,34,32,31,36,39,42,42,46,43,37,29,24,22
22,21,22,26,38,42,40,38,34,31,28,24,21,23,26,32,38,43,44,39,35,29,23,22
21,22,22,27,40,47,50,47,40,39,36,35,34,35,35,40,45,48,45,41,38,33,26,25
23,21,21,20,23,25,25,23,21,20,17,15,12,12,12,16,22,26,30,29,28,23,23,23
22,22,24,27,36,43,47,45,42,39,38,35,35,35,37,41,47,50,50,47,43,38,37,32
30,26,26,28,31,36,39,36,33,32,30,28,26,25,26,29,36,38,37,35,33,27,17,15
14,12,11,12,11,15,19,19,18,19,14,41,24,6,12,17,24,28,27,26,26,20,22,21
18,17,20,27,41,50,49,42,41,40,38,37,35,35,36,38,42,48,49,46,44,32,26,25
24,23,24,29,44,52,58,54,48,44,39,38,36,38,38,43,48,51,50,48,44,38,36,33
33,32,33,36,44,56,61,58,52,49,43,41,39,38,36,38,42,45,44,41,39,33,29,25
23,23,23,28,37,44,49,46,42,40,36,35,33,33,33,36,40,44,44,42,40,35,32,29
28,27,28,32,42,50,53,51,45,44,41,39,37,37,36,40,46,50,53,50,46,40,39,36
34,33,33,33,37,40,41,39,35,34,31,29,26,28,29,34,39,43,43,40,39,32,27,23
21,20,20,21,20,23,22,21,18,17,13,5,1,3,9,18,24,29,32,29,28,22,18,13
11,8,12,13,7,11,9,5,6,18,38,12,34,35,44,5,16,20,26,26,26,22,21,16
14,16,17,27,40,49,48,44,41,40,36,35,34,35,36,41,47,50,51,48,43,36,37,35
34,34,34,37,48,59,61,52,47,45,41,40,38,39,38,43,46,48,47,44,40,34,33,32
30,28,29,33,43,52,55,50,44,41,37,36,34,34,35,39,43,44,43,42,38,32,34,32
30,30,30,32,40,48,51,47,43,41,37,36,35,36,38,43,45,47,47,44,43,39,39,35
34,32,32,33,35,38,40,38,33,31,30,30,27,27,29,34,38,42,43,41,39,35,29,24
22,20,20,20,22,22,24,24,22,22,19,15,14,14,18,25,30,35,37,36,33,27,31,29
30,29,29,33,47,54,56,51,47,47,44,42,41,43,45,48,52,55,54,50,45,39,35,34
32,31,32,34,49,54,55,51,49,48,44,42,41,42,44,48,49,51,50,47,44,38,36,35
33,34,34,36,46,56,60,54,52,50,47,46,46,47,49,52,54,58,59,55,52,46,42,41
39,38,37,37,41,45,47,43,41,41,39,37,36,36,38,43,47,49,51,49,47,43,40,38
37,37,37,38,46,53,60,58,55,54,51,49,49,49,49,52,56,57,56,53,51,46,45,41
39,38,37,37,38,42,43,45,42,41,38,36,36,36,36,41,46,47,47,47,46,42,41,37
34,32,32,31,31,33,36,36,32,34,32,28,27,29,30,34,43,47,48,46,47,42,39,37
36,36,36,38,54,64,65,61,55,52,47,46,45,45,46,51,55,57,58,53,50,41,41,38
37,36,36,40,52,65,66,60,55,53,50,48,47,48,49,53,58,64,61,55,51,43,46,44
43,41,41,43,52,66,66,63,56,55,51,49,48,48,50,54,59,64,59,53,50,45,42,41
39,38,37,41,50,62,64,60,55,54,51,51,50,51,53,59,64,69,66,57,53,48,43,42
42,40,40,43,51,61,66,62,57,55,52,50,48,49,51,55,57,58,56,52,50,46,43,41
40,39,39,38,40,42,46,45,43,41,38,36,36,37,38,42,48,49,49,48,48,43,38,35
34,32,32,30,29,30,33,32,29,31,31,27,26,27,30,33,39,46,48,48,48,42,38,35
34,34,34,39,51,62,63,60,54,54,50,48,47,48,48,52,55,58,56,54,52,46,40,38
37,37,37,39,49,57,62,59,57,56,53,52,51,50,50,52,53,55,53,50,47,43,41,38
37,35,35,36,45,54,58,56,55,54,52,51,48,47,47,49,52,54,54,52,52,47,42,40
39,38,36,39,44,52,53,49,48,46,44,41,38,40,42,44,50,52,51,50,48,43,42,40
39,39,39,42,49,58,61,59,55,54,51,50,48,47,48,52,55,57,56,53,52,48,44,40
38,37,37,37,37,41,43,42,39,38,37,35,33,35,36,39,46,48,48,47,47,42,37,35
30,28,26,24,25,28,24,24,21,21,19,13,10,13,17,24,34,38,43,44,45,41,37,35
33,32,32,36,46,54,55,53,50,49,45,44,42,42,42,45,49,51,54,51,48,43,40,37
35,33,33,36,44,52,53,50,47,48,47,47,46,47,48,51,54,56,57,54,53,48,44,41
39,37,37,40,46,54,55,51,47,45,42,41,40,40,43,45,50,54,54,53,52,46,41,38
37,36,36,37,47,54,55,49,42,37,27,18,13,14,14,20,31,36,34,35,34,26,17,15
13,12,12,17,28,37,36,30,27,26,24,21,18,18,20,26,30,33,33,32,29,24,22,18
14,10,9,13,18,22,25,25,22,21,18,16,14,13,17,21,30,35,34,34,34,32,27,25
22,19,19,19,18,21,24,26,27,29,27,24,20,19,21,26,34,40,41,42,43,39,36,35
33,30,31,35,47,58,59,57,54,52,50,48,47,48,47,50,53,56,57,54,52,46,43,39
38,38,38,40,50,59,60,56,54,53,51,50,48,48,47,51,53,56,55,52,50,45,44,40
39,40,40,42,51,58,59,54,51,50,45,43,40,41,43,46,51,54,52,50,48,43,41,39
38,37,38,40,47,56,57,54,50,49,45,42,42,42,42,47,49,53,50,48,46,41,38,37
36,34,35,39,48,56,57,55,52,51,47,42,40,41,42,44,46,50,51,46,47,43,43,40
40,38,37,38,38,42,45,42,38,35,31,28,25,28,30,38,45,49,48,47,46,42,34,29
28,28,28,27,26,27,27,24,18,18,13,6,2,3,15,25,37,45,46,48,47,41,38,35
34,34,35,39,51,61,60,55,51,51,47,45,44,44,46,52,55,60,59,57,56,50,44,43
41,40,40,42,53,62,58,53,52,51,47,46,45,45,49,52,56,62,63,59,58,50,47,45
44,44,44,46,55,64,67,60,57,55,52,51,51,52,53,57,61,66,64,61,58,51,46,44
43,43,43,44,51,60,61,56,55,53,49,47,46,47,48,51,54,56,53,52,51,45,44,42
41,40,40,42,48,53,58,56,53,52,46,42,40,40,40,44,45,48,48,47,46,41,39,39
37,36,34,35,36,39,39,35,29,24,20,11,10,12,19,25,33,39,42,44,45,42,36,32
29,29,29,26,28,29,30,29,28,28,24,20,18,19,22,29,40,47,50,49,49,45,34,35
34,35,35,38,51,57,56,53,52,51,49,45,41,41,43,47,50,52,53,52,51,45,46,44
41,42,42,44,52,59,63,63,61,62,57,57,55,54,54,58,59,60,60,58,56,52,49,46
45,43,43,46,53,60,61,60,58,59,57,54,54,53,53,56,59,60,59,57,57,51,48,45
44,44,44,45,52,58,61,61,58,57,55,54,54,53,52,55,58,59,58,56,56,51,47,45
45,43,44,45,52,57,58,56,54,53,51,48,48,47,49,53,56,59,57,57,56,53,51,48
46,45,44,44,46,49,49,49,46,45,44,41,39,39,42,46,50,54,54,53,54,51,49,45
44,41,42,39,40,40,40,40,39,39,38,34,31,33,37,44,50,55,55,55,55,53,47,44
44,43,44,46,54,61,62,60,59,58,56,56,55,55,55,59,61,63,60,60,58,53,51,48
47,46,46,47,55,61,62,60,58,58,56,55,53,54,54,55,58,60,59,57,56,51,46,43
42,41,41,43,50,55,56,54,52,52,50,47,46,46,48,53,56,58,57,56,55,50,45,43
42,42,42,44,52,56,58,57,56,56,54,52,51,51,52,57,59,62,59,57,56,52,49,46
45,44,44,45,54,60,61,60,58,57,56,54,53,53,54,57,59,60,58,55,55,51,50,48
45,44,43,43,45,49,53,54,53,51,51,49,48,49,48,52,54,55,54,53,54,51,47,44
42,41,41,41,40,42,43,44,44,45,45,43,42,42,42,42,50,53,53,54,55,52,47,44
42,41,42,42,53,59,59,59,58,58,56,56,55,55,55,57,59,60,60,59,59,52,52,50
48,46,47,48,56,62,62,61,59,59,57,56,55,56,57,59,62,64,62,60,59,54,52,49
48,47,47,51,57,65,67,65,62,61,59,58,57,58,58,60,65,66,64,63,59,54,50,49
47,46,47,48,54,62,65,63,62,60,55,52,51,52,54,60,63,64,62,59,55,47,47,46
45,44,44,46,52,59,62,60,58,57,52,50,50,50,51,55,57,58,57,55,51,46,49,44
43,42,42,42,43,46,47,46,44,43,42,41,39,40,41,45,49,52,54,54,54,50,45,43
41,39,38,38,38,39,40,41,40,41,41,37,36,37,38,42,49,54,57,56,54,49,46,44
42,42,42,44,53,62,62,60,60,59,57,56,54,55,56,62,66,66,66,65,61,53,51,48
47,46,45,48,55,65,65,62,59,60,57,55,54,55,57,60,64,66,65,63,60,53,48,46
46,45,45,47,54,61,65,65,62,62,58,58,56,57,59,63,65,66,65,64,63,53,50,48
46,45,45,47,54,65,67,66,65,64,61,60,59,60,62,66,69,70,68,66,63,54,52,50
48,48,49,50,58,69,74,72,71,70,66,64,63,63,64,69,71,71,70,68,66,58,58,53
51,50,48,50,51,54,58,58,57,54,52,49,48,48,49,52,58,59,56,56,56,51,46,42
41,41,40,40,40,40,41,40,41,42,42,39,34,35,40,42,50,56,59,62,61,55,50,48
47,46,47,50,61,75,68,70,69,70,67,67,64,64,68,73,79,83,84,80,72,61,54,51
49,48,48,50,61,70,70,69,68,68,66,64,63,64,68,72,75,81,73,70,65,55,48,46
44,44,44,46,51,60,63,64,62,60,55,52,52,55,59,65,67,71,71,68,66,58,52,50
49,48,48,50,56,65,70,69,66,66,63,61,58,58,59,62,63,62,59,55,48,39,26,22
17,14,13,22,38,46,46,46,46,45,44,43,42,44,45,49,57,61,62,61,57,51,50,47
44,43,42,43,43,45,46,46,40,36,32,27,25,28,32,41,47,54,55,56,57,52,49,46
45,44,43,43,43,44,44,44,42,42,41,37,33,35,44,47,53,61,61,62,62,56,50,43
43,42,42,45,52,61,63,63,62,61,58,55,52,54,56,62,65,64,64,62,60,51,50,47
45,44,44,47,53,59,61,61,59,59,57,54,51,50,51,53,55,58,59,58,55,50,49,46
45,44,43,46,50,58,62,61,59,58,56,53,51,50,52,56,62,67,68,66,63,56,51,50
49,47,46,49,56,62,64,63,60,55,52,50,51,51,54,61,65,68,68,67,64,58,52,50
48,48,47,51,58,64,67,66,64,64,62,60,57,56,56,62,64,66,65,64,62,56,54,51
50,48,47,49,49,51,54,55,54,53,51,46,45,46,47,51,57,61,62,61,60,55,51,47
47,45,44,44,45,46,49,48,47,47,46,44,43,42,43,48,56,62,64,66,65,59,51,49
48,46,46,48,57,65,68,68,67,65,63,61,57,57,60,64,67,69,70,69,68,60,56,54
52,51,52,56,67,75,79,77,74,72,71,70,68,68,69,73,78,80,80,74,68,61,55,51
50,49,49,52,62,71,72,72,68,68,66,65,65,65,66,72,75,77,78,73,69,62,57,55
54,52,53,57,66,75,76,75,71,68,63,60,59,61,64,70,73,77,75,73,70,63,53,51
49,48,48,51,59,66,68,68,66,63,56,50,47,49,51,56,62,64,68,69,66,56,56,54
51,49,49,48,49,52,54,58,54,51,48,45,44,43,46,50,57,62,64,63,61,55,51,47
47,44,44,44,45,46,46,46,46,46,42,40,38,39,45,47,56,63,66,66,63,57,45,41
37,34,33,42,51,59,62,61,58,57,54,50,50,51,53,59,65,69,72,70,65,59,48,48
48,48,48,51,64,69,72,73,69,68,66,63,65,67,69,74,79,85,85,78,71,64,58,56
55,54,54,57,67,72,73,71,66,64,59,58,59,64,66,71,73,75,76,70,64,54,49,48
47,46,46,49,57,66,69,68,61,59,52,51,51,51,51,57,65,68,71,66,58,54,53,52
51,50,50,54,63,72,74,74,73,71,69,68,67,67,69,72,74,76,76,71,66,59,60,58
55,54,54,54,56,59,64,67,66,64,62,59,56,57,58,63,67,69,69,67,64,58,57,51
50,49,49,48,48,49,52,52,51,51,51,48,45,47,49,53,60,65,66,62,61,54,50,50
48,48,49,52,65,74,76,75,73,72,70,69,68,67,67,70,72,75,77,71,64,57,53,52
51,51,51,54,67,75,77,76,74,72,70,67,65,66,68,72,75,76,76,71,61,55,57,55
54,53,53,57,69,77,78,76,73,72,66,64,64,67,70,74,76,79,79,73,67,58,55,53
52,50,51,54,66,74,76,74,72,71,67,65,66,69,70,73,74,76,75,70,62,55,54,53
52,52,52,55,68,74,76,75,74,72,68,62,59,58,57,64,68,71,71,63,57,52,52,48
46,45,45,45,48,51,51,51,50,46,41,36,36,42,46,53,60,66,68,62,59,54,52,48
46,43,44,44,44,45,47,48,47,46,44,40,34,37,41,50,57,65,73,67,63,57,52,50
48,47,48,51,66,73,74,71,67,66,60,56,54,56,58,65,71,74,77,71,63,55,56,54
52,51,50,53,64,71,72,63,54,51,47,44,41,44,50,57,68,73,74,70,61,54,54,52
51,49,50,53,69,76,74,72,67,62,57,56,56,60,65,73,77,80,81,75,70,60,58,54
52,52,52,58,74,81,82,80,77,76,73,72,71,71,71,75,77,80,80,73,69,63,58,56
54,51,52,56,72,78,78,77,76,74,72,68,63,63,63,68,72,74,74,64,60,55,55,51
49,46,46,47,50,52,57,56,50,45,43,40,38,43,47,56,65,69,72,66,63,57,55,51
49,46,44,44,46,48,49,47,43,38,35,29,24,30,37,46,61,67,68,64,59,51,48,45
43,42,44,49,68,76,75,71,66,62,57,55,56,59,64,71,77,80,82,76,69,61,53,50
48,44,44,49,61,69,69,65,58,52,48,45,45,47,50,59,68,71,70,61,54,48,47,47
46,45,47,51,67,76,78,75,69,64,57,53,52,53,55,66,72,76,77,68,57,48,45,44
41,41,44,48,65,76,74,72,67,57,50,49,48,51,53,66,75,78,78,68,58,51,48,42
38,34,33,37,52,57,53,49,42,32,24,22,21,23,27,38,49,54,56,47,39,29,29,18
10,18,21,25,36,43,46,38,29,23,18,2,11,15,22,37,49,60,63,54,51,48,45,40
39,35,35,39,46,50,54,57,57,54,53,48,40,41,39,42,49,54,51,37,30,11,14,13
49,12,45,15,54,65,63,53,50,37,32,28,27,28,38,49,55,62,69,62,50,40,47,46
46,46,47,51,69,79,79,79,71,65,59,59,61,63,64,75,80,88,84,77,65,54,50,46
44,42,41,48,60,71,71,63,52,48,43,39,40,44,45,55,66,74,68,58,50,44,34,36
37,37,38,46,64,75,74,66,60,55,50,48,48,49,52,64,72,76,69,57,49,42,41,39
41,39,39,47,62,72,73,66,62,56,51,47,46,44,46,52,62,68,66,57,52,49,48,46
46,45,46,48,54,60,60,59,53,50,46,43,41,43,45,54,65,71,68,58,53,48,46,43
39,36,37,37,40,42,48,48,47,43,40,32,28,32,38,51,64,73,72,60,58,50,43,41
39,36,85,48,63,79,79,73,66,65,62,60,59,58,63,66,73,187,75,67,59,52,38,38
